ano;cargo;territorio;votos;votos_validos;percentual_validos;contribuicao_total_candidato;bairro;zona;local;endereco;latitude;longitude
2012;Vereador;ESCOLA DE EDUCAÇÃO BÁSICA DAYSE WERNER SALLES;71;;;4.76190476;CAPOEIRAS;101;1112;RUA SÃO CRISTOVÃO, N. 1315;-27.5997081;-48.5721929
2012;Vereador;UDESC - CENTRO DE ARTES;58;;;3.89000671;ITACORUBI;100;1155;AVENIDA MADRE BENVENUTA, 1907 FONE (48) 3334 2016;-27.58616617;-48.50387642
2012;Vereador;ESCOLA BASICA JOSE DO VALE PEREIRA;50;;;3.35345406;JOÃO PAULO;100;1180;RODOVIA JOAO PAULO, 1268;-27.5621223;-48.51582114
2012;Vereador;ESCOLA DE EDUCAÇÃO BÁSICA PROFESSOR ANÍBAL NUNES PIRES;49;;;3.28638498;CAPOEIRAS;101;1155;RUA IRMÃ BONAVITA, N. 240;-27.59772;-48.5977151
2012;Vereador;ESCOLA DE EDUCAÇÃO BÁSICA PADRE ANCHIETA;46;;;3.08517773;AGRONÔMICA;12;1147;RUA RUI BARBOSA, N. 525;-27.5748713;-48.5373959
2012;Vereador;ESCOLA DE EDUCAÇÃO BÁSICA AMÉRICA DUTRA MACHADO;45;;;3.01810865;MONTE CRISTO;101;1015;RUA JOAQUIM NABUCO, S/N;-27.5907413;-48.6028089
2012;Vereador;ESCOLA TÉCNICA - CENTRO FEDERAL DE EDUC. TECNOLÓGICA DE SC - CEFET/SC;44;;;2.95103957;CENTRO;12;1058;AVENIDA MAURO RAMOS, N. 950;-27.5941821;-48.5432351
2012;Vereador;ESCOLA DE EDUCAÇÃO BÁSICA PERO VAZ DE CAMINHA;43;;;2.88397049;CAPOEIRAS;101;1201;RUA IRMÃ BONAVITA, N. 954;-27.5869632;-48.597302
2012;Vereador;COLEGIO CATARINENSE;42;;;2.81690141;CENTRO;12;1708;RUA ESTEVES JÚNIOR, N. 711;-27.5889046;-48.553396
2012;Vereador;COLEGIO ESTADUAL SIMAO JOSE HESS;42;;;2.81690141;TRINDADE;100;1058;AVENIDA MADRE BENVENUTA, 463 FONE (48) 3234 2323;-27.59171294;-48.51687969
2012;Vereador;COLÉGIO NOSSA SENHORA DE FÁTIMA;41;;;2.74983233;ESTREITO;101;1040;RUA AFONSO PENA, N. 1264;-27.5921991;-48.5880281
2012;Vereador;ESCOLA DE EDUCAÇÃO BÁSICA ADERBAL RAMOS DA SILVA;35;;;2.34741784;ESTREITO;101;1090;RUA CORONEL PEDRO DEMORO, N. 1998;-27.5819089;-48.5822874
2012;Vereador;INSS - AGÊNCIA DA PREVIDÊNCIA SOCIAL;34;;;2.28034876;CAPOEIRAS;101;1244;AVENIDA  IVO SILVEIRA, N. 1960;-27.6002168;-48.5814354
2012;Vereador;CENTRO EDUCACIONAL MENINO JESUS;33;;;2.21327968;CENTRO;12;1015;RUA ESTEVES JÚNIOR, N. 969;-27.5883123;-48.5534109
2012;Vereador;ESCOLA DE EDUCAÇÃO BÁSICA HILDA TEODORO VIEIRA;32;;;2.1462106;TRINDADE;100;1066;RUA LAURO LINHARES, N. 560;-27.58433447;-48.52513368
2012;Vereador;CENTRO DE EDUCAÇÃO INFANTIL GRADUAL UNIDADE JÚNIOR (DINÂMICA);30;;;2.01207243;CENTRO;12;1031;RUA ALVES DE BRITO, N. 236;-27.590045;-48.545139
2012;Vereador;ESCOLA DE EDUCAÇÃO BÁSICA EDITH GAMA RAMOS;30;;;2.01207243;CAPOEIRAS;101;1163;RUA DIB CHEREM, N. 2773;-27.5991731;-48.5967904
2012;Vereador;ESCOLA DE EDUCAÇÃO BÁSICA JOSÉ BOITEUX;25;;;1.67672703;ESTREITO;101;1074;RUA MARECHAL CÂMARA, N. 182;-27.590369;-48.5793242
2012;Vereador;COLEGIO ESTADUAL PROFESSORA LAURA LIMA;24;;;1.60965795;MONTE VERDE;100;1163;RUA DO LOURO, 143 FONE (48) 3238 2078;-27.55979188;-48.49365151
2012;Vereador;ESCOLA DE EDUCAÇÃO BÁSICA IRINEU BORNHAUSEN;23;;;1.54258887;ESTREITO;101;1058;RUA VEREADOR BATISTA PEREIRA, N. 306;-27.5827983;-48.5866221
2012;Vereador;INSTITUTO ESTADUAL DE EDUCAÇÃO - IEE;23;;;1.54258887;CENTRO;12;1783;AVENIDA MAURO RAMOS, N. 275;-27.599775;-48.5455748
2012;Vereador;CRECHE CELSO RAMOS;22;;;1.47551979;PRAINHA;12;1732;RUA PROFESSOR ALDO CÂMARA DA SILVA, N. 120;-27.6037933;-48.5471831
2012;Vereador;ESCOLA DE EDUCAÇÃO BÁSICA ROSA TORRES DE MIRANDA;22;;;1.47551979;JARDIM ATLÂNTICO;101;1147;RUA MELVIN JONES, N. 389;-27.5790281;-48.5973528
2012;Vereador;ESCOLA BASICA MUNICIPAL ANISIO TEIXEIRA;22;;;1.47551979;COSTEIRA DO PIRAJUBAÉ;13;1309;RUA JOAO CANCIO JAQUES, S/N;-27.63414326;-48.52224327
2012;Vereador;ESCOLA DE EDUCAÇÃO BÁSICA ROSINHA CAMPOS;21;;;1.4084507;ABRAÃO;101;1120;RUA JOAQUIM FERNANDES DE OLIVEIRA, N. 428;-27.6059362;-48.5909529
2012;Vereador;SESC - SERVIÇO SOCIAL DO COMÉRCIO;20;;;1.34138162;ESTREITO;101;1198;RUA SANTOS SARAIVA, N. 289;-27.5903231;-48.5774635
2012;Vereador;EDUCANDARIO IMACULADA CONCEICAO;19;;;1.27431254;CENTRO;12;1767;RUA SAO FRANCISCO, 148 FONE (48) 33221037;-27.5930273;-48.5540724
2012;Vereador;ESCOLA DE ENSINO BASICO LEONOR DE BARROS;17;;;1.14017438;ITACORUBI;100;1481;RODOVIA AMARO ANTONIO VIEIRA, 801;-27.57582223;-48.50844724
2012;Vereador;SENAI - CTAI;17;;;1.14017438;SACO GRANDE II;100;1171;RODOVIA SC 401, 3730 FONE (48) 3238 5177;-27.54845435;-48.49859691
2012;Vereador;CORAÇÃO DE JESUS - ASSOCIAÇÃO FRANCISCANA DE ENSINO BOM JESUS;16;;;1.0731053;CENTRO;12;1805;RUA EMIR ROSA, N. 120;-27.5942817;-48.5471017
2012;Vereador;COLÉGIO GERAÇÃO JÚNIOR - UNIDADE BEIRAMAR;16;;;1.0731053;AGRONÔMICA;12;1686;RUA SÃO JOÃO BATISTA, N. 60;-27.5747823;-48.5290097
2012;Vereador;COLEGIO ESTADUAL GETULIO VARGAS;16;;;1.0731053;SACO DOS LIMÕES;13;1295;RUA JOAO MOTTA ESPEZIM, 499 FONE (48) 33337176;-27.60755423;-48.53533329
2012;Vereador;ESCOLA DE EDUCAÇÃO BÁSICA PRESIDENTE ROOSEVELT;15;;;1.00603622;COQUEIROS;101;1104;RUA PASCHOAL SIMONE, N. 80;-27.6102223;-48.5800544
2012;Vereador;SALÃO PAROQUIAL DA IGREJA SÃO LUIZ;14;;;0.93896714;AGRONÔMICA;12;1813;RUA PADRE SCHRADER, N. 49;-27.5769466;-48.5424406
2012;Vereador;COLÉGIO ANTÔNIO PEIXOTO;14;;;0.93896714;ESTREITO;101;1023;RUA VEREADOR BATISTA PEREIRA, N. 656;-27.579583;-48.5851468
2012;Vereador;ESCOLA BÁSICA MUNICIPAL ALMIRANTE CARVALHAL;13;;;0.87189805;COQUEIROS;101;1171;RUA BENTO GOIA, N. 113;-27.6071356;-48.577472
2012;Vereador;PARÓQUIA SÃO JOÃO BATISTA E SANTA LUZIA;13;;;0.87189805;CAPOEIRAS;101;1236;RUA DIB CHEREM, N. 2698;-27.5987317;-48.5964291
2012;Vereador;COLÉGIO SANTA CATARINA;13;;;0.87189805;CENTRO;12;1023;RUA FREI EVARISTO, N.  91;-27.589045;-48.5442443
2012;Vereador;COLEGIO ESTADUAL JUREMA CAVALAZZI;13;;;0.87189805;JOSÉ MENDES;13;1287;RUA PROFESSOR ANIBAL NUNES PIRES, S/N FONE (48) 32257731;-27.61253111;-48.54547966
2012;Vereador;CONSELHO COMUNITÁRIO DO SACO DOS LIMÕES;13;;;0.87189805;SACO DOS LIMÕES;13;1589;R. JOÃO MOTTA ESPEZIM, N. 783;-27.60861312;-48.53227364
2012;Vereador;ESCOLA DE EDUCAÇÃO BÁSICA PROFESSOR HENRIQUE STODIECK;12;;;0.80482897;CENTRO;12;1716;RUA ESTEVES JÚNIOR, N. 65;-27.593655;-48.5526083
2012;Vereador;CONSELHO COMUNITÁRIO DA COLONINHA;12;;;0.80482897;COLONINHA;101;1031;RUA JOÃO EVANGELISTA DA COSTA, N. 435;-27.5887782;-48.5905368
2012;Vereador;ACOJAR;12;;;0.80482897;SANTA MÔNICA;100;1090;RUA NERY CARDOSO BITTENCOURT, N. 61;-27.59158356;-48.50878503
2012;Vereador;ESCOLA BÁSICA MUNICIPAL BRIGADEIRO EDUARDO GOMES;12;;;0.80482897;CAMPECHE;13;1546;AVENIDA PEQUENO PRÍNCIPE, N. 2939;-27.68655392;-48.48518251
2012;Vereador;UFSC - CENTRO TECNOLOGICO - CTC;12;;;0.80482897;TRINDADE;100;1031;CAMPUS UNIVERSITARIO, S/N FONE (48) 3331 9339;-27.60020259;-48.51777093
2012;Vereador;UFSC - CENTRO SOCIO ECONOMICO - CSE;11;;;0.73775989;TRINDADE;100;1023;CAMPUS UNIVERSITARIO, S/N FONE (48) 3331 9560;-27.59900381;-48.52160566
2012;Vereador;CRECHE WALDEMAR DA SILVA FILHO;11;;;0.73775989;TRINDADE;100;1520;AVENIDA  MADRE BENVENUTA, 521;-27.59173263;-48.51621131
2012;Vereador;CCJ - CENTRO DE CIENCIAS JURIDICAS;10;;;0.67069081;TRINDADE;100;1635;CAMPUS UNIVERSITARIO;-27.59889656;-48.52184412
2012;Vereador;CRECHE ORLANDINA CORDEIRO;10;;;0.67069081;SACO GRANDE;100;1627;RODOVIA VIRGILIO VARZEA, 380, FONE (48) 3238 0305;-27.55577607;-48.49853447
2012;Vereador;ESCOLA DE EDUCAÇÃO BÁSICA LAURO MÜLLER;9;;;0.60362173;CENTRO;12;1775;RUA MARECHAL GUILHERME, N. 134;-27.5937351;-48.5475406
2012;Vereador;CENTRO DE CIÊNCIA DA SAÚDE E DO ESPORTE - CEFID / UDESC;9;;;0.60362173;COQUEIROS;101;1139;RUA PASCHOAL SIMONE, N. 358;-27.609348;-48.5805776
2012;Vereador;UFSC - CENTRO DE FILOSOFIA E CIENCIAS HUMANAS - CFH;9;;;0.60362173;TRINDADE;100;1015;CAMPUS UNIVERSITARIO, S/N FONE (48) 3331 9336;-27.60243905;-48.52325262
2012;Vereador;NÚCLEO DE EDUCAÇÃO INFANTIL JOÃO MACHADO DA SILVA;9;;;0.60362173;AGRONÔMICA;12;1155;TRAVESSA JOSÉ PEDRO GIL, N. 195;-27.5803045;-48.540206
2012;Vereador;CENTRO DE DESPORTOS - UFSC;9;;;0.60362173;PANTANAL;100;1570;CIDADE UNIVERSITARIA;-27.6055827;-48.518635
2012;Vereador;COLEGIO DE APLICACAO;8;;;0.53655265;TRINDADE;100;1511;CAMPUS UNIVERSITARIO;-27.60051854;-48.52435819
2012;Vereador;ESCOLA BÁSICA BEATRIZ DE SOUZA BRITO;7;;;0.46948357;PANTANAL;100;1082;RUA DEPUTADO ANTÔNIO EDU VIEIRA, N. 600;-27.6104853;-48.52287593
2012;Vereador;GRUPO ESCOLAR INTENDENTE JOSE FERNANDES;7;;;0.46948357;SITIO CAPIVARI/INGLESES;100;1368;RUA JOAO GUALBERTO SOARES, N. 324;-27.44262767;-48.40275303
2012;Vereador;ESCOLA DE EDUCACAO BASICA IDELFONSO LINHARES;7;;;0.46948357;CARIANOS;13;1325;RUA VER. OSVALDO BITTENCOURT, 206 FONE (48) 32361433, 32360556;-27.66564124;-48.53723665
2012;Vereador;COLÉGIO DA LAGOA;7;;;0.46948357;LAGOA DA CONCEIÇÃO;100;1554;RUA HIPÓLITO DO VALE PEREIRA, N. 121;-27.60386267;-48.47557995
2012;Vereador;ESCOLA BASICA MUNICIPAL OSMAR CUNHA;7;;;0.46948357;CANASVIEIRAS;100;1317;RUA TERTULIANO DE BRITO XAVIER, 661;-27.43626375;-48.46446019
2012;Vereador;ESCOLA DE EDUCAÇÃO BÁSICA JORNALISTA JAIRO CALLADO;6;;;0.40241449;ESTREITO;101;1066;RUA ANTONIETA DE BARROS, N. 581;-27.588901;-48.5843718
2012;Vereador;ESCOLA BASICA JOAO ALFREDO HOHR;6;;;0.40241449;CORREGO GRANDE;100;1112;RUA JOAO PIO DUARTE SILVA, 1123 FONE (48) 3234 3516;-27.60067118;-48.50531476
2012;Vereador;ESCOLA BASICA MUNICIPAL HENRIQUE VERAS;6;;;0.40241449;LAGOA DA CONCEIÇÃO;100;1392;RUA JOAO PACHECO DA COSTA, 249 FONE (48) 3232 8923;-27.60015787;-48.47094485
2012;Vereador;CENTRO DE EDUCACAO ESCOLA DA ILHA;6;;;0.40241449;CORREGO GRANDE;100;1490;RUA VERA LINHARES DE ANDRADE, 1910 - FONE (48) 3233 5725;-27.59982083;-48.49880034
2012;Vereador;FUNASA - FUNDAÇÃO NACIONAL DE SAÚDE;5;;;0.33534541;ESTREITO;101;1252;AVENIDA MARINHEIRO MAX SCHRAMM,  N. 2179;-27.5818034;-48.5861139
2012;Vereador;ESCOLA DE EDUCAÇÃO BÁSICA PROFESSORA OTÍLIA CRUZ;5;;;0.33534541;COLONINHA;101;1082;RUA PROFESSORA OTÍLIA CRUZ, N. 482;;
2012;Vereador;ESCOLA BASICA JULIO DA COSTA NEVES;5;;;0.33534541;COSTEIRA DO PIRAJUBAÉ;13;1317;AVENIDA JORGE LACERDA, N. 2990 FONE (48) 32260603;-27.64451369;-48.52398285
2012;Vereador;ESCOLA EDUCAÇÃO BÁSICA TENENTE ALMACHIO;5;;;0.33534541;TAPERA;13;1333;AVENIDA SANTOS DUMONT, N. E025;-27.68222932;-48.56776807
2012;Vereador;ESCOLA BÁSICA MUNICIPAL JOÃO GONÇALVES PINHEIRO;5;;;0.33534541;RIO TAVARES;13;1562;RUA SILVIO LOPES ARAÚJO, S/N;-27.65048977;-48.47768121
2012;Vereador;CRECHE ANA SPYROS DIMATOS;5;;;0.33534541;TAPERA;13;1597;RODOVIA AÇORIANA ESQUINA COM A RUA JOSÉ CORREA;-27.69090308;-48.55569301
2012;Vereador;CRECHE DORALICE TEODORO BASTOS;5;;;0.33534541;CANASVIEIRAS;100;1546;RUA MANOEL MANCELLOS MOURA, 112;;
2012;Vereador;PARÓQUIA NOSSA SENHORA DO CARMO;4;;;0.26827632;COQUEIROS;101;1228;RUA PROFESSOR BAYER FILHO, N. 81;-27.6088958;-48.5791014
2012;Vereador;ESCOLA MARCO INICIAL;4;;;0.26827632;AGRONÔMICA;12;1163;RUA DELMINDA SILVEIRA, N. 230;-27.57465;-48.53296
2012;Vereador;CRECHE PROFESSORA ROSA MARIA PIRES;4;;;0.26827632;CENTRO;12;1139;RUA DESEMBARGADOR NELSON NUNES, N. 208;-27.5843362;-48.5409124
2012;Vereador;COLÉGIO SANTA TEREZINHA;4;;;0.26827632;INGLESES;100;1562;SERVIDAO SAFIRA, N. 148;-27.43620059;-48.39798407
2012;Vereador;ESCOLA BÁSICA MUNICIPAL JOSÉ AMARO CORDEIRO;4;;;0.26827632;MORRO DAS PEDRAS;13;1422;RODOVIA SC 406, N. 1691;-27.71675019;-48.50746865
2012;Vereador;ESCOLA BASICA MUNICIPAL BATISTA PEREIRA;4;;;0.26827632;RIBEIRÃO DA ILHA;13;1350;RODOVIA BALDICERO FILOMENO, 3000 FONE (48) 33370522,  33370236;-27.70250472;-48.53649535
2012;Vereador;ESCOLA BASICA DOUTOR PAULO FONTES;4;;;0.26827632;SANTO ANTÔNIO DE LISBOA;100;1210;RUA PROFESSOR OSNI BARBATO, 168 FONE (48) 3235 1034;-27.50748223;-48.51774671
2012;Vereador;ESCOLA DINAMICA;4;;;0.26827632;VARGEM GRANDE;100;1597;RUA CRISTOVAO MACHADO DE CAMPOS, 1001;-27.46044382;-48.44882039
2012;Vereador;ACIC - ASSOCIACAO CATARINENSE DE INTEGRACAO AO CEGO;4;;;0.26827632;SACO GRANDE II;100;1473;RODOVIA VIRGILIO VARZEA, 1300;-27.54877299;-48.49669456
2012;Vereador;ESCOLA BASICA MUNICIPAL DOUTOR MANCIO COSTA;4;;;0.26827632;RATONES;100;1244;ESTRADA INTENDENTE ANTONIO DAMASCO, 3131 FONE (48) 3282 1079, 99724315;-27.50989282;-48.4894334
2012;Vereador;ESCOLA DESDOBRADA MUNICIPAL JOAO FRANCISCO GARCES;4;;;0.26827632;CANTO DA LAGOA;100;1406;RUA LAURINDO JANUARIO DA SILVEIRA, S/N FONE (48) 3232 6121;-27.61577034;-48.48457089
2012;Vereador;MITRA METROPOLITANA - SALAO DA IGREJA;4;;;0.26827632;VARGEM PEQUENA;100;1252;RUA MANOEL LEONCIO SOUZA BRITO, 549;-27.46972142;-48.46119351
2012;Vereador;CRECHE PROFESSORA MARIA BARREIROS;3;;;0.20120724;COLONINHA;101;1210;RUA JOÃO EVANGELISTA DA COSTA, N. 455;;
2012;Vereador;ESCOLA BASICA MUNICIPAL DILMA LUCIA DOS SANTOS;3;;;0.20120724;ARMAÇÃO DO PÂNTANO DO SUL;13;1392;RODOVIA SC 406, 6050;-27.75330916;-48.51033099
2012;Vereador;ESCOLA DE ENSINO BASICO JANUARIA TEIXEIRA DA ROCHA;3;;;0.20120724;CAMPECHE;13;1554;RUA DA CAPELA, N. 1234, FONE (48) 3338 2829;-27.67599796;-48.48374762
2012;Vereador;ESCOLA MARCELINO BARCELOS DUTRA;3;;;0.20120724;COSTEIRA DO RIBEIRÃO;13;1368;RODOVIA BALDICERO FILOMENO, 11264;-27.75199332;-48.56075116
2012;Vereador;ESCOLA DESDOBRADA INTENDENTE ARI COMEDES DA SILVA;3;;;0.20120724;CACHOEIRA DO BOM JESUS;100;1325;RODOVIA LEONEL PEREIRA, 78 FONE (48) 3284 5670;-27.4254977;-48.42585599
2012;Vereador;CENTRO EDUCACIONAL UNIVERSO;3;;;0.20120724;INGLESES;100;1600;RODOVIA SC 403, N 91, KM 06;-27.43833718;-48.40220695
2012;Vereador;ESCOLA BASICA MARIA CONCEICAO NUNES;3;;;0.20120724;RIO VERMELHO;100;1384;RUA LUIZ DUARTE, S/N;-27.49090659;-48.41752882
2012;Vereador;SESC - SERVICO SOCIAL DO COMERCIO;3;;;0.20120724;CACUPÉ;100;1201;RODOVIA HAROLDO SOARES GLAVAN, 1670 FONE (48) 3335 6188;-27.54275579;-48.52332361
2012;Vereador;ESCOLA BASICA ACACIO GARIBALDI SAO TIAGO;3;;;0.20120724;BARRA DA LAGOA;100;1430;RUA ALTAMIRO BARCELOS DUTRA, 1195 FONE (48) 3232 3095;-27.57578954;-48.42971636
2012;Vereador;ESCOLA BÁSICA ANTÔNIO PASCOAL APÓSTOLO;3;;;0.20120724;RIO VERMELHO;100;1678;RUA LUIZ DUARTE SOARES, S/N;-27.49351969;-48.41998681
2012;Vereador;CENTRO EDUCACIONAL MARISTA;2;;;0.13413816;MORRO DA CAIXA;12;1740;RUA GENERAL VIEIRA DA ROSA,  N. 1050;-27.5914249;-48.5367895
2012;Vereador;CRECHE IRMÃO CELSO;2;;;0.13413816;AGRONÔMICA;12;1821;RUA RUI BARBOSA, N. 677 F;-27.5742117;-48.5370167
2012;Vereador;ASSOCIAÇÃO DOS ECONOMIÁRIOS FEDERAIS DE SC;2;;;0.13413816;JURERÊ;100;1287;RUA ALAMEDA CÉSAR NASCIMENTO, 700 FONE (48) 3282 1437;-27.43881818;-48.49103652
2012;Vereador;ESCOLA DESDOBRADA MARCOLINO JOSE DE LIMA;2;;;0.13413816;BARRA DO SAMBAQUI;100;1589;RODOVIA  ISID DUTRA, 1200;-27.48479799;-48.51931027
2012;Vereador;ESCOLA BASICA PORTO DO RIO TAVARES;2;;;0.13413816;RIO TAVARES;13;1570;RODOVIA SC 405, 356 FONE (48) 3338 5338;-27.66579945;-48.50307134
2012;Vereador;ESCOLA DESDOBRADA PRAIA DE FORA;2;;;0.13413816;JURERÊ TRADICIONAL;100;1309;RUA JURERE TRADICIONAL, 230 FONE (48) 3282 1157;-27.44223854;-48.48373278
2012;Vereador;JURERÊ SPORT CENTER;2;;;0.13413816;JURERÊ;100;1465;AVENIDA DOS DOURADOS, N. 481;-27.44349893;-48.5067282
2012;Vereador;ESCOLA BASICA CANDIDO DA LUZ -  PONTA DO MORRO;2;;;0.13413816;VARGEM DO BOM JESUS;100;1279;RODOVIA SC 403 KM 3, S/N FONE (48) 3266 1486;-27.4487887;-48.43418039
2012;Vereador;ESCOLA DESDOBRADA RETIRO DA LAGOA;2;;;0.13413816;RETIRO DA LAGOA;100;1422;RUA PREFEITO ACACIO GARIBALDI SAO THIAGO, 210 FONE (48) 3232 5333;-27.61065;-48.44202166
2012;Vereador;ESCOLA BASICA MARIA TOMAZIA COELHO;1;;;0.06706908;ARANHAS/SANTINHO;100;1643;RUA  VEREADOR ONILDO LEMOS, S/N, FONE (48) 3269 1325;-27.45528237;-48.3806984
2012;Vereador;ESCOLA DE ENSINO FUNDAMENTAL SEVERO HONORATO DA COSTA;1;;;0.06706908;PÂNTANO DO SUL;13;1384;RUA ABELARDO OTACILIO GOMES, S/N, FONE 3389 2512;-27.78080741;-48.507643
2012;Vereador;ESCOLA DESDOBRADA MUNICIPAL COSTA DE DENTRO;1;;;0.06706908;COSTA DE DENTRO;13;1406;RUA ROZALIA PAULINA FERREIRA, 2550 FONE (48) 32377276;-27.78501836;-48.53080614
2012;Vereador;COLÉGIO ESTADUAL DOM JAIME DE BARROS CÂMARA;1;;;0.06706908;RIBEIRÃO DA ILHA;13;1341;RODOVIA BALDICERO FILOMENO, 7821;-27.72166852;-48.56387165
2012;Vereador;ANEXO - ESCOLA BÁSICA INTENDENTE JOSÉ FERNANDES;1;;;0.06706908;SÍTIO CAPIVARI DE BAIXO;100;1686;SERVIDÃO MANOEL LAUREANO DOS SANTOS, S/N;-27.44789624;-48.39761719
2012;Vereador;ESCOLA BASICA GENTIL MATHIAS DA SILVA;1;;;0.06706908;INGLESES;100;1376;RUA DOM JOAO BECKER, 988 FONE (48) 3269 3091;-27.44004621;-48.38701257
2012;Vereador;ESCOLA DE ENSINO FUNDAMENTAL BALDICERO FILOMENO;1;;;0.06706908;TAPERA - PEDREGAL;13;1414;RUA PEDRO MANOEL DA SILVEIRA, N. 230, FONE (48) 3337 1260;-27.69358516;-48.54791343
2012;Vereador;NEI - NÚCLEO DE EDUCAÇÃO INFANTIL MARIA SALOMÉ;1;;;0.06706908;SAMBAQUI;100;1228;RUA PROFESSOR EUCLIDES DA CUNHA, S/N FONE (48) 3235 1451;-27.49263482;-48.52403071
2012;Vereador;ESCOLA BÁSICA MUNICIPAL OSVALDO MACHADO;1;;;0.06706908;PONTA DAS CANAS;100;1341;RUA LUIZ BOIATEUX PIAZZA, N. 6542;-27.39506544;-48.42939324
2012;Vereador;CRECHE DE INGLESES;1;;;0.06706908;INGLESES;100;1619;SERVIDAO MANOEL GUILHERME GOMES, S/N;;
2012;Vereador;ASSOCIACAO DOS MORADORES DO PORTO DA LAGOA;0;;;0.0;PORTO DA LAGOA;100;1449;RUA LAURINDO JANUARIO DA SILVEIRA, 5500;-27.63269214;-48.47254034
2012;Vereador;NEI - NÚCLEO DE EDUCAÇÃO INFANTIL - CAIEIRA;0;;;0.0;CAEIRA DA BARRA DO SUL;13;1376;RODOVIA BALDICERO FILOMENO, N. 19795;-27.81159632;-48.5589638
2012;Vereador;ASSOCIAÇÃO LOTEAMENTO JOÃO GONZAGA COSTA;0;;;0.0;SACO GRANDE II;100;1457;RUA DA APICULTURA, 139;-27.53571147;-48.50403316
2012;Vereador;CONSELHO COMUNITÁRIO PONTAL DO JURERÊ;0;;;0.0;DANIELA;100;1660;AVENIDA DAS PALMEIRAS, N. 566;-27.44775115;-48.52803298
2012;Vereador;GRUPO ESCOLAR MUNICIPAL;0;;;0.0;COSTA DA LAGOA;100;1414;RUA GERAL, S/N;;
2012;Vereador;ESCOLA ISOLADA AGENOR MANOEL GAIA;0;;;0.0;PRAIA DO FORTE;100;1295;ESTRADA GERAL, 3547 FONE (48) 3266 1401,  3282 1613;-27.43323583;-48.51556473
2012;Vereador;ESCOLA DE ENSINO BASICO MUQUEM;0;;;0.0;MUQUEM RIO VERMELHO;100;1503;RODOVIA  JOAO GUALBERTO SOARES, 4860 - FONE (48) 3269 8905;-27.46964795;-48.41631705
2012;Vereador;EEM JACÓ ANDERLE;0;;;0.0;VARGEM GRANDE;100;1708;RUA FRANCISCO FAUSTO MARTINS, S/N;-27.451773;-48.45441054
2012;Vereador;CRECHE VARGEM PEQUENA;0;;;0.0;VARGEM PEQUENA;100;1538;RODOVIA SC 401 KM 15;-27.46754703;-48.46680653
2012;Vereador;NEI CANTO DA LAGOA;0;;;0.0;CANTO DA LAGOA;100;1694;RUA LAURINDO JANUÁRIO DA SILVEIRA, N. 2493;-27.61599263;-48.48445455
2012;Vereador;ESCOLA BASICA MUNICIPAL ALBERTINA MADALENA DIAS;0;;;0.0;VARGEM GRANDE;100;1260;RUA CRISTOVAO MACHADO DE CAMPOS, N. 1537 FONE (48) 3266 1146;-27.46458096;-48.449068
2016;Vereador;ESCOLA DE EDUCAÇÃO BÁSICA AMÉRICA DUTRA MACHADO;171;2566;6.66406859;5.14131088;MONTE CRISTO;101;1015;RUA JOAQUIM NABUCO N. 2875;-27.5907413;-48.6028089
2016;Vereador;COLEGIO CATARINENSE;146;5426;2.69074825;4.38965725;CENTRO;12;1708;RUA ESTEVES JÚNIOR, N. 711;-27.5889046;-48.553396
2016;Vereador;CENTRO EDUCACIONAL MENINO JESUS;138;3711;3.71867421;4.14912808;CENTRO;12;1015;RUA ESTEVES JÚNIOR, N. 969;-27.5883123;-48.5534109
2016;Vereador;UDESC - CENTRO DE ARTES - CEART;95;4361;2.17839945;2.85628382;ITACORUBI;100;1155;AVENIDA MADRE BENVENUTA, 2007;-27.58616617;-48.50387642
2016;Vereador;ESCOLA DE EDUCAÇÃO BÁSICA EDITH GAMA RAMOS;91;3286;2.76932441;2.73601924;CAPOEIRAS;101;1163;RUA DIB CHEREM, N. 2773;-27.5991731;-48.5967904
2016;Vereador;UFSC - CENTRO TECNOLOGICO - CTC;80;1803;4.43704936;2.40529164;TRINDADE;12;1961;CAMPUS UNIVERSITARIO, S/N FONE (48) 3331 9339;-27.60020259;-48.51777093
2016;Vereador;ASSOCIAÇÃO LOTEAMENTO JOÃO GONZAGA COSTA;78;536;14.55223881;2.34515935;SACO GRANDE II;100;1457;RUA DA APICULTURA, 139;-27.53571147;-48.50403316
2016;Vereador;CORAÇÃO DE JESUS - ASSOCIAÇÃO FRANCISCANA DE ENSINO BOM JESUS;69;2376;2.9040404;2.07456404;CENTRO;12;1805;RUA EMIR ROSA, N. 120;-27.5942817;-48.5471017
2016;Vereador;ESCOLA DE ENSINO BASICO LEONOR DE BARROS;66;2989;2.20809635;1.9843656;ITACORUBI;100;1481;RUA PASTOR WILLIAM RICHARD SCHISLER FILHO, 80;-27.57582223;-48.50844724
2016;Vereador;UDESC - ESCOLA SUPERIOR DE ADMINISTRAÇÃO E GERÊNCIA - ESAG;64;2422;2.64244426;1.92423331;ITACORUBI;100;1740;AVENIDA MADRE BENVENUTA, 2037;-27.58592615;-48.50258812
2016;Vereador;COLÉGIO NOSSA SENHORA DE FÁTIMA;64;4342;1.47397513;1.92423331;ESTREITO;101;1040;RUA AFONSO PENA, N. 1264;-27.5921991;-48.5880281
2016;Vereador;COLÉGIO SANTA CATARINA;61;1815;3.36088154;1.83403488;CENTRO;12;1023;RUA FREI EVARISTO, N.  91;-27.589045;-48.5442443
2016;Vereador;ESCOLA DE EDUCAÇÃO BÁSICA PROFESSOR ANÍBAL NUNES PIRES;58;2351;2.4670353;1.74383644;CAPOEIRAS;101;1155;RUA IRMÃ BONAVITA, N. 240;-27.59772;-48.5977151
2016;Vereador;EDUCANDARIO IMACULADA CONCEICAO;54;2142;2.5210084;1.62357186;CENTRO;12;1767;RUA SAO FRANCISCO, 148 FONE (48) 33221037;-27.5930273;-48.5540724
2016;Vereador;INSTITUTO ESTADUAL DE EDUCAÇÃO - IEE;52;3622;1.4356709;1.56343957;CENTRO;12;1783;AVENIDA MAURO RAMOS, N. 275;-27.599775;-48.5455748
2016;Vereador;ACOJAR;50;1658;3.01568154;1.50330728;SANTA MÔNICA;100;1090;RUA NERY CARDOSO BITTENCOURT, N. 61;-27.59158356;-48.50878503
2016;Vereador;ESCOLA DE EDUCAÇÃO BÁSICA HILDA TEODORO VIEIRA;48;2732;1.75695461;1.44317498;TRINDADE;12;1910;RUA LAURO LINHARES, N. 560;-27.58433447;-48.52513368
2016;Vereador;COLEGIO ESTADUAL SIMAO JOSE HESS;46;2826;1.62774239;1.38304269;TRINDADE;12;1872;AVENIDA MADRE BENVENUTA, 463 FONE (48) 3234 2323;-27.59171294;-48.51687969
2016;Vereador;ESCOLA DE EDUCAÇÃO BÁSICA ADERBAL RAMOS DA SILVA;46;4043;1.13776898;1.38304269;ESTREITO;101;1090;RUA CORONEL PEDRO DEMORO, N. 1998;-27.5819089;-48.5822874
2016;Vereador;ESCOLA TÉCNICA - CENTRO FEDERAL DE EDUC. TECNOLÓGICA DE SC - CEFET/SC;46;3176;1.44836272;1.38304269;CENTRO;12;1058;AVENIDA MAURO RAMOS, N. 950;-27.5941821;-48.5432351
2016;Vereador;ESCOLA BASICA JOSÉ DO VALLE PEREIRA;45;2862;1.57232704;1.35297655;JOÃO PAULO;100;1180;RODOVIA JOAO PAULO, 1268;-27.5621223;-48.51582114
2016;Vereador;ESCOLA BÁSICA MUNICIPAL BRIGADEIRO EDUARDO GOMES;45;5481;0.82101806;1.35297655;CAMPECHE;13;1546;AVENIDA PEQUENO PRÍNCIPE, N. 2939;-27.68655392;-48.48518251
2016;Vereador;ESCOLA DE EDUCAÇÃO BÁSICA PERO VAZ DE CAMINHA;45;1996;2.25450902;1.35297655;CAPOEIRAS;101;1201;RUA IRMÃ BONAVITA, N. 954;-27.5869632;-48.597302
2016;Vereador;JURERÊ SPORTS CENTER;44;1919;2.29286087;1.3229104;JURERÊ INTERNACIONAL;100;1465;AVENIDA DOS DOURADOS, 481;-27.44349893;-48.5067282
2016;Vereador;CENTRO DE CIÊNCIA DA SAÚDE E DO ESPORTE - CEFID / UDESC;44;2770;1.58844765;1.3229104;COQUEIROS;101;1139;RUA PASCHOAL SIMONE, N. 358;-27.609348;-48.5805776
2016;Vereador;CENTRO DE EDUCACAO ESCOLA DA ILHA;43;1923;2.23608944;1.29284426;CORREGO GRANDE;12;1880;RUA VERA LINHARES DE ANDRADE, 1910 - FONE (48) 3233 5725;-27.59982083;-48.49880034
2016;Vereador;ESCOLA DE EDUCAÇÃO BÁSICA PADRE ANCHIETA;41;3153;1.30034887;1.23271197;AGRONÔMICA;12;1147;RUA RUI BARBOSA, N. 525;-27.5748713;-48.5373959
2016;Vereador;ESCOLA DE EDUCAÇÃO BÁSICA ROSINHA CAMPOS;40;2658;1.5048909;1.20264582;ABRAÃO;101;1120;RUA JOAQUIM FERNANDES DE OLIVEIRA, N. 428;-27.6059362;-48.5909529
2016;Vereador;EB SILVEIRA DE SOUZA;39;1946;2.004111;1.17257968;CENTRO;12;1031;RUA ALVES DE BRITO, N. 334;-27.590045;-48.545139
2016;Vereador;COLEGIO ESTADUAL GETULIO VARGAS;38;4816;0.78903654;1.14251353;SACO DOS LIMÕES;13;1295;RUA JOAO MOTTA ESPEZIM, 499 FONE (48) 33337176;-27.60755423;-48.53533329
2016;Vereador;ESCOLA DE EDUCAÇÃO BÁSICA IRINEU BORNHAUSEN;38;3181;1.1945929;1.14251353;ESTREITO;101;1058;RUA VEREADOR BATISTA PEREIRA, N. 306;-27.5827983;-48.5866221
2016;Vereador;ESCOLA BÁSICA MUNICIPAL ALMIRANTE CARVALHAL;38;3036;1.2516469;1.14251353;COQUEIROS;101;1171;RUA BENTO GOIA, N. 113;-27.6071356;-48.577472
2016;Vereador;ESCOLA BASICA MUNICIPAL OSMAR CUNHA;37;3935;0.94027954;1.11244738;CANASVIEIRAS;100;1317;RUA TERTULIANO DE BRITO XAVIER, 661;-27.43626375;-48.46446019
2016;Vereador;COLÉGIO SANTA TEREZINHA;36;3126;1.15163148;1.08238124;INGLESES;100;1562;SERVIDAO SAFIRA, N. 148;-27.43620059;-48.39798407
2016;Vereador;ESCOLA DE EDUCAÇÃO BÁSICA ROSA TORRES DE MIRANDA;35;3301;1.06028476;1.05231509;JARDIM ATLÂNTICO;101;1147;RUA MELVIN JONES, N. 389;-27.5790281;-48.5973528
2016;Vereador;ESCOLA DE EDUCAÇÃO BÁSICA JOSÉ BOITEUX;33;2515;1.31212724;0.9921828;ESTREITO;101;1074;RUA MARECHAL CÂMARA, N. 182;-27.590369;-48.5793242
2016;Vereador;ESCOLA DE EDUCAÇÃO BÁSICA VEREADOR OSCAR MANOEL CONCEIÇÃO;33;4816;0.68521595;0.9921828;RIO TAVARES;13;1570;RODOVIA SC 405, S/N, FONE (48) 36655702;-27.66579945;-48.50307134
2016;Vereador;ESCOLA BÁSICA MUNICIPAL PAULO FONTES;32;2101;1.52308425;0.96211666;SANTO ANTÔNIO DE LISBOA;100;1210;RUA PROFESSOR OSNI BARBATO, 168;-27.50748223;-48.51774671
2016;Vereador;CENTRO DE DESPORTOS - UFSC;32;1143;2.79965004;0.96211666;PANTANAL;12;1953;CIDADE UNIVERSITARIA;-27.6055827;-48.518635
2016;Vereador;COLEGIO ESTADUAL PROFESSORA LAURA LIMA;31;3190;0.97178683;0.93205051;MONTE VERDE;100;1163;RUA DO LOURO, 143;-27.55979188;-48.49365151
2016;Vereador;ESCOLA BASICA JOAO ALFREDO HOHR;31;2239;1.38454667;0.93205051;CORREGO GRANDE;12;1945;RUA JOAO PIO DUARTE SILVA, 1123 FONE (48) 3234 3516;-27.60067118;-48.50531476
2016;Vereador;ESCOLA BÁSICA MUNICIPAL PROFESSORA HERONDINA MEDEIROS ZEFERINO;31;1908;1.62473795;0.93205051;INGLESES;100;1732;RUA TRÊS MARIAS, 1072;-27.43561281;-48.40987824
2016;Vereador;CCJ - CENTRO DE CIENCIAS JURIDICAS;31;767;4.04172099;0.93205051;TRINDADE;12;1937;CAMPUS UNIVERSITARIO;-27.59889656;-48.52184412
2016;Vereador;ESCOLA DE EDUCACAO BASICA IDELFONSO LINHARES;30;4280;0.70093458;0.90198437;CARIANOS;13;1325;RUA VER. OSVALDO BITTENCOURT, 206 FONE (48) 36656353;-27.66564124;-48.53723665
2016;Vereador;CENTRO EDUCACIONAL UNIVERSO;29;2584;1.12229102;0.87191822;INGLESES;100;1600;SERVIDÃO PROFESSOR NILSON JOSÉ DE JESUS, 91 (SC 403, KM 06);-27.43833718;-48.40220695
2016;Vereador;ESCOLA DE EDUCAÇÃO BÁSICA PRESIDENTE ROOSEVELT;29;3112;0.93187661;0.87191822;COQUEIROS;101;1104;RUA PASCHOAL SIMONE, N. 80;-27.6102223;-48.5800544
2016;Vereador;COLEGIO DE APLICACAO;29;1141;2.54163015;0.87191822;TRINDADE;12;1970;CAMPUS UNIVERSITARIO;-27.60051854;-48.52435819
2016;Vereador;UFSC - CENTRO SOCIO ECONOMICO - CSE;28;1440;1.94444444;0.84185207;TRINDADE;12;1988;CAMPUS UNIVERSITARIO, S/N FONE (48) 3331 9560;-27.59900381;-48.52160566
2016;Vereador;ESCOLA BÁSICA MUNICIPAL JOÃO GONÇALVES PINHEIRO;27;3453;0.78192876;0.81178593;RIO TAVARES;13;1562;RUA SILVIO LOPES ARAÚJO, S/N;-27.65048977;-48.47768121
2016;Vereador;PARÓQUIA NOSSA SENHORA DO CARMO;27;1810;1.49171271;0.81178593;COQUEIROS;101;1228;RUA PROFESSOR BAYER FILHO, N. 81;-27.6088958;-48.5791014
2016;Vereador;COLÉGIO GERAÇÃO JÚNIOR - UNIDADE BEIRAMAR;27;1593;1.69491525;0.81178593;AGRONÔMICA;12;1686;RUA SÃO JOÃO BATISTA, N. 60;-27.5747823;-48.5290097
2016;Vereador;ESCOLA DE EDUCAÇÃO BÁSICA PROFESSOR HENRIQUE STODIECK;27;1082;2.49537893;0.81178593;CENTRO;12;1716;RUA ESTEVES JÚNIOR, N. 65;-27.593655;-48.5526083
2016;Vereador;CONSELHO COMUNITÁRIO DO SACO DOS LIMÕES;24;1447;1.65860401;0.72158749;SACO DOS LIMÕES;13;1589;R. JOÃO MOTTA ESPEZIM, N. 783;-27.60861312;-48.53227364
2016;Vereador;COLÉGIO DA LAGOA;23;1908;1.20545073;0.69152135;LAGOA DA CONCEIÇÃO;13;1635;RUA HIPÓLITO DO VALE PEREIRA, N. 121;-27.60386267;-48.47557995
2016;Vereador;ESCOLA DE EDUCAÇÃO BÁSICA JORNALISTA JAIRO CALLADO;23;1427;1.61177295;0.69152135;ESTREITO;101;1066;RUA ANTONIETA DE BARROS, N. 581;-27.588901;-48.5843718
2016;Vereador;SESC - SERVIÇO SOCIAL DO COMÉRCIO;23;1700;1.35294118;0.69152135;ESTREITO;101;1198;RUA GENERAL EURICO GASPAR DUTRA N. 913;-27.5903231;-48.5774635
2016;Vereador;ESCOLA BÁSICA BEATRIZ DE SOUZA BRITO;23;1845;1.24661247;0.69152135;PANTANAL;12;1899;RUA DEPUTADO ANTÔNIO EDU VIEIRA, N. 600;-27.6104853;-48.52287593
2016;Vereador;ESCOLA DE ENSINO BÁSICO INTENDENTE JOSE FERNANDES;22;4804;0.45795171;0.6614552;SITIO CAPIVARI/INGLESES;100;1368;RUA JOAO GUALBERTO SOARES, 324;-27.44262767;-48.40275303
2016;Vereador;ESCOLA BASICA MUNICIPAL ANISIO TEIXEIRA;22;4084;0.53868756;0.6614552;COSTEIRA DO PIRAJUBAÉ;13;1309;RUA JOÃO CANCIO JACQUES, S/N;-27.63414326;-48.52224327
2016;Vereador;CONSELHO COMUNITÁRIO DA COLONINHA;21;1296;1.62037037;0.63138906;COLONINHA;101;1031;RUA JOÃO EVANGELISTA DA COSTA, N. 435;-27.5887782;-48.5905368
2016;Vereador;COLÉGIO ANTÔNIO PEIXOTO;20;1769;1.13058225;0.60132291;ESTREITO;101;1023;RUA VEREADOR BATISTA PEREIRA, N. 656;-27.579583;-48.5851468
2016;Vereador;CRECHE ORLANDINA CORDEIRO;20;1378;1.45137881;0.60132291;SACO GRANDE;100;1627;RODOVIA VIRGILIO VARZEA, 380, FONE (48) 3238 0305;-27.55577607;-48.49853447
2016;Vereador;ESCOLA BÁSICA MUNICIPAL INTENDENTE ARICOMEDES DA SILVA;19;3259;0.58300092;0.57125676;CACHOEIRA DO BOM JESUS;100;1325;RODOVIA LEONEL PEREIRA, 930;-27.4254977;-48.42585599
2016;Vereador;ESCOLA BASICA ACACIO GARIBALDI SAO TIAGO;18;3095;0.5815832;0.54119062;BARRA DA LAGOA;13;1619;RUA ALTAMIRO BARCELOS DUTRA, 1195;-27.57578954;-48.42971636
2016;Vereador;SENAI - CTAI;18;1653;1.08892922;0.54119062;SACO GRANDE II;100;1171;RODOVIA SC 401, 3730;-27.54845435;-48.49859691
2016;Vereador;ESCOLA BASICA MUNICIPAL DILMA LUCIA DOS SANTOS;18;3010;0.59800664;0.54119062;ARMAÇÃO DO PÂNTANO DO SUL;13;1392;RODOVIA SC 406, 6050;-27.75330916;-48.51033099
2016;Vereador;ESCOLA BÁSICA MUNICIPAL VIRGÍLIO REIS VÁRZEA;17;1888;0.90042373;0.51112447;CANASVIEIRAS;100;1724;RUA MANOEL MANCELLOS MOURA, S/N;-27.43286414;-48.45626445
2016;Vereador;INSS - AGÊNCIA DA PREVIDÊNCIA SOCIAL;15;1055;1.42180095;0.45099218;CAPOEIRAS;101;1244;AVENIDA  IVO SILVEIRA, N. 1960;-27.6002168;-48.5814354
2016;Vereador;O. ASSIST. SOCIAL DOM ORIONE (PARÓQUIA SÃO JOÃO BATISTA E SANTA LUZIA);15;709;2.11565585;0.45099218;CAPOEIRAS;101;1236;RUA DIB CHEREM, N. 2698;-27.5987317;-48.5964291
2016;Vereador;SALÃO PAROQUIAL DA IGREJA SÃO LUIZ;14;803;1.74346202;0.42092604;AGRONÔMICA;12;1813;RUA PADRE SCHRADER, N. 49;-27.5769466;-48.5424406
2016;Vereador;COLÉGIO ESTADUAL JUREMA CAVALAZZI;14;1765;0.79320113;0.42092604;JOSÉ MENDES;13;1287;RUA PROFESSOR ANIBAL NUNES PIRES, S/N FONE (48) 32257731;-27.61253111;-48.54547966
2016;Vereador;E.E.M. ANTÔNIO PASCHOAL APÓSTOLO;14;1899;0.73723012;0.42092604;RIO VERMELHO;100;1678;RODOVIA JOÃO GUALBERTO SOARES, 6809;-27.49351969;-48.41998681
2016;Vereador;N.E.I. - NUCLEO DE EDUCAÇÃO INFANTIL GENTIL MATHIAS DA SILVA;14;2240;0.625;0.42092604;INGLESES;100;1376;RUA DOM JOAO BECKER, 988;-27.44004621;-48.38701257
2016;Vereador;ESCOLA DE ENSINO BASICO JANUARIA TEIXEIRA DA ROCHA;13;837;1.55316607;0.39085989;CAMPECHE;13;1554;RUA DA CAPELA, N. 1234, FONE (48) 3338 2829;-27.67599796;-48.48374762
2016;Vereador;CRECHE WALDEMAR DA SILVA FILHO;13;516;2.51937984;0.39085989;TRINDADE;12;1929;AVENIDA  MADRE BENVENUTA, 521;-27.59173263;-48.51621131
2016;Vereador;ESCOLA BASICA MUNICIPAL MANCIO COSTA;12;1730;0.69364162;0.36079375;RATONES;100;1244;ESTRADA INTENDENTE ANTONIO DAMASCO, 3131;-27.50989282;-48.4894334
2016;Vereador;ESCOLA BASICA MUNICIPAL HENRIQUE VERAS;11;1480;0.74324324;0.3307276;LAGOA DA CONCEIÇÃO;13;1651;RUA JOAO PACHECO DA COSTA, 249 FONE (48) 3232 8923;-27.60015787;-48.47094485
2016;Vereador;CRECHE CELSO RAMOS;11;847;1.2987013;0.3307276;PRAINHA;12;1732;RUA PROFESSOR ALDO CÂMARA DA SILVA, N. 120;-27.6037933;-48.5471831
2016;Vereador;ESCOLA BÁSICA LUIZ CÂNDIDO DA LUZ -  PONTA DO MORRO;10;2218;0.45085663;0.30066146;VARGEM DO BOM JESUS;100;1279;RODOVIA SC 403 KM 3, S/N;-27.4487887;-48.43418039
2016;Vereador;COLÉGIO ESTADUAL DOM JAIME DE BARROS CÂMARA;10;1567;0.63816209;0.30066146;RIBEIRÃO DA ILHA;13;1341;RODOVIA BALDICERO FILOMENO, 7821;-27.72166852;-48.56387165
2016;Vereador;CONSELHO COMUNITÁRIO PONTAL DO JURERÊ;10;533;1.87617261;0.30066146;DANIELA;100;1660;AVENIDA DAS PALMEIRAS, N. 566;-27.44775115;-48.52803298
2016;Vereador;ESCOLA BASICA MARIA TOMAZIA COELHO;10;2104;0.47528517;0.30066146;ARANHAS/SANTINHO;100;1643;RUA VEREADOR ONILDO LEMOS, 1409;-27.45528237;-48.3806984
2016;Vereador;ACIC - ASSOCIACAO CATARINENSE PARA INTEGRACAO AO CEGO;10;1109;0.90171326;0.30066146;SACO GRANDE II;100;1473;RODOVIA VIRGILIO VARZEA, 1300;-27.54877299;-48.49669456
2016;Vereador;UFSC - CENTRO DE FILOSOFIA E CIENCIAS HUMANAS - CFH;10;1179;0.84817642;0.30066146;TRINDADE;12;1902;CAMPUS UNIVERSITARIO, S/N FONE (48) 3331 9336;-27.60243905;-48.52325262
2016;Vereador;ESCOLA DE EDUCAÇÃO BÁSICA LAURO MÜLLER;9;883;1.01925255;0.27059531;CENTRO;12;1775;RUA MARECHAL GUILHERME, N. 134;-27.5937351;-48.5475406
2016;Vereador;ESCOLA BASICA MUNICIPAL MARIA CONCEICAO NUNES;9;3466;0.25966532;0.27059531;RIO VERMELHO;100;1384;RUA LUIZ DUARTE, S/N;-27.49090659;-48.41752882
2016;Vereador;ESCOLA BASICA MUNICIPAL BATISTA PEREIRA;9;2752;0.32703488;0.27059531;RIBEIRÃO DA ILHA;13;1350;RODOVIA BALDICERO FILOMENO, 3000;-27.70250472;-48.53649535
2016;Vereador;ESCOLA ESTADUAL BASICA JULIO DA COSTA NEVES;9;1901;0.47343503;0.27059531;COSTEIRA DO PIRAJUBAÉ;13;1317;RUA CAMINHO DOS ESTUDANTES, S/N.;-27.64451369;-48.52398285
2016;Vereador;FUNASA - FUNDAÇÃO NACIONAL DE SAÚDE;9;732;1.2295082;0.27059531;ESTREITO;101;1252;AVENIDA MARINHEIRO MAX SCHRAMM,  N. 2179;-27.5818034;-48.5861139
2016;Vereador;ESCOLA DINAMICA;9;1055;0.85308057;0.27059531;VARGEM GRANDE;100;1597;RUA CRISTOVAO MACHADO DE CAMPOS, 1001;-27.46044382;-48.44882039
2016;Vereador;SESC - SERVICO SOCIAL DO COMERCIO;8;543;1.4732965;0.24052916;CACUPÉ;100;1201;RODOVIA HAROLDO SOARES GLAVAN, 1670;-27.54275579;-48.52332361
2016;Vereador;N.E.I. ORISVALDINA SILVA;8;1390;0.57553957;0.24052916;LAGOA DA CONCEIÇÃO;13;1708;JOÃO PACHÊCO DA COSTA, 75,;-27.59942601;-48.47048652
2016;Vereador;ESCOLA MARCO INICIAL;8;715;1.11888112;0.24052916;AGRONÔMICA;12;1163;RUA DELMINDA SILVEIRA, N. 230;-27.57465;-48.53296
2016;Vereador;ESCOLA DESDOBRADA MUNICIPAL JURERÊ (ANTIGA ESCOLA PRAIA DE FORA);7;793;0.88272383;0.21046302;JURERÊ TRADICIONAL;100;1309;RUA JURERE TRADICIONAL, 230;-27.44223854;-48.48373278
2016;Vereador;INSTITUTO FEDERAL DE SANTA CATARINA - CAMPUS FLORIANOPOLIS CONTINENTE;7;437;1.60183066;0.21046302;COQUEIROS;101;1112;RUA QUATORZE DE JULHO N 150;-27.5997081;-48.5721929
2016;Vereador;E.E.M. JACÓ ANDERLE;6;936;0.64102564;0.18039687;VARGEM GRANDE;100;1708;RUA FRANCISCO FAUSTO MARTINS, S/N;-27.451773;-48.45441054
2016;Vereador;ASSOCIAÇÃO DOS ECONOMIÁRIOS FEDERAIS DE SC;6;1017;0.5899705;0.18039687;JURERÊ;100;1287;RUA ALAMEDA CÉSAR NASCIMENTO, 700;-27.43881818;-48.49103652
2016;Vereador;ESCOLA BÁSICA MUNICIPAL OSVALDO MACHADO;6;2266;0.26478376;0.18039687;PONTA DAS CANAS;100;1341;RUA LUIZ BOITEUX PIAZZA, 6542;-27.39506544;-48.42939324
2016;Vereador;ESCOLA DE ENSINO BÁSICO DE MUQUEM;5;1613;0.3099814;0.15033073;MUQUEM RIO VERMELHO;100;1503;RUA MANOEL PETRONILHO DA SILVEIRA, 1;-27.46964795;-48.41631705
2016;Vereador;ANEXO DA ESCOLA DE ENSINO BÁSICO INTENDENTE JOSÉ FERNANDES;5;1133;0.44130627;0.15033073;SÍTIO CAPIVARI DE BAIXO;100;1686;SERVIDÃO MANOEL LAUREANO DOS SANTOS, 1144;-27.44789624;-48.39761719
2016;Vereador;ASSOCIACAO DOS MORADORES DO PORTO DA LAGOA;5;705;0.70921986;0.15033073;PORTO DA LAGOA;13;1660;RUA LAURINDO JANUARIO DA SILVEIRA, 5500;-27.63269214;-48.47254034
2016;Vereador;ESCOLA EDUCAÇÃO BÁSICA TENENTE ALMACHIO;4;3555;0.11251758;0.12026458;TAPERA;13;1333;AVENIDA SANTOS DUMONT, N. E025;-27.68222932;-48.56776807
2016;Vereador;NÚCLEO DE EDUCAÇÃO INFANTIL JOÃO MACHADO DA SILVA;4;560;0.71428571;0.12026458;AGRONÔMICA;12;1155;TRAVESSA JOSÉ PEDRO GIL, N. 195;-27.5803045;-48.540206
2016;Vereador;CRECHE VARGEM PEQUENA;4;370;1.08108108;0.12026458;VARGEM PEQUENA;100;1538;RODOVIA JOSÉ CARLOS DAUX, 16019 (SC 401 KM 15);-27.46754703;-48.46680653
2016;Vereador;ESCOLA DESDOBRADA MARCOLINO JOSE DE LIMA;4;536;0.74626866;0.12026458;BARRA DO SAMBAQUI;100;1589;RODOVIA  ISID DUTRA, 1200;-27.48479799;-48.51931027
2016;Vereador;ESCOLA BASICA MUNICIPAL ALBERTINA MADALENA DIAS;3;1274;0.23547881;0.09019844;VARGEM GRANDE;100;1260;RUA CRISTOVAO MACHADO DE CAMPOS, N. 1537;-27.46458096;-48.449068
2016;Vereador;N.E.I. - NÚCLEO DE EDUCAÇÃO INFANTIL MARIA SALOMÉ DOS SANTOS;3;1105;0.27149321;0.09019844;SAMBAQUI;100;1228;RUA PROFESSOR EUCLIDES DA CUNHA, S/N;-27.49263482;-48.52403071
2016;Vereador;ESCOLA BÁSICA MUNICIPAL JOSÉ AMARO CORDEIRO;3;2231;0.13446885;0.09019844;MORRO DAS PEDRAS;13;1422;RODOVIA SC 406, N. 1691;-27.71675019;-48.50746865
2016;Vereador;CRECHE IRMÃO CELSO;3;487;0.61601643;0.09019844;AGRONÔMICA;12;1821;RUA RUI BARBOSA, N. 677 F;-27.5742117;-48.5370167
2016;Vereador;CRECHE PROFESSORA ROSA MARIA PIRES;3;510;0.58823529;0.09019844;CENTRO;12;1139;RUA DESEMBARGADOR NELSON NUNES, N. 208;-27.5843362;-48.5409124
2016;Vereador;ESCOLA DE ENSINO FUNDAMENTAL SEVERO HONORATO DA COSTA;3;1065;0.28169014;0.09019844;PÂNTANO DO SUL;13;1384;RUA ABELARDO OTACILIO GOMES, S/N,;-27.78080741;-48.507643
2016;Vereador;IGREJA SÃO BRAS - SALÃO PAROQUIAL (MITRA METROPOLITANA);2;582;0.34364261;0.06013229;VARGEM PEQUENA;100;1252;RUA MANOEL LEONCIO DE SOUZA BRITO, 549;-27.46972142;-48.46119351
2016;Vereador;CRECHE ANA SPYROS DIMATOS;2;1786;0.11198208;0.06013229;TAPERA;13;1597;RODOVIA AÇORIANA ESQUINA COM A RUA JOSÉ CORREA;-27.69090308;-48.55569301
2016;Vereador;CENTRO EDUCACIONAL MARISTA;2;622;0.32154341;0.06013229;MORRO DA CAIXA;12;1740;RUA GENERAL VIEIRA DA ROSA,  N. 1050;-27.5914249;-48.5367895
2016;Vereador;NEI - NÚCLEO DE EDUCAÇÃO INFANTIL - CAIEIRA DA BARRA DO SUL;2;508;0.39370079;0.06013229;CAIEIRA DA BARRA DO SUL;13;1376;RODOVIA BALDICERO FILOMENO, N. 19795;-27.81159632;-48.5589638
2016;Vereador;ESCOLA DESDOBRADA MUNICIPAL JOAO FRANCISCO GARCES;1;461;0.21691974;0.03006615;CANTO DA LAGOA;13;1627;RUA LAURINDO JANUARIO DA SILVEIRA, 2447;-27.61577034;-48.48457089
2016;Vereador;ESCOLA DESDOBRADA RETIRO DA LAGOA;1;499;0.2004008;0.03006615;RETIRO DA LAGOA;13;1678;RUA PREFEITO ACACIO GARIBALDI SAO THIAGO, 210;-27.61065;-48.44202166
2016;Vereador;ESCOLA DESDOBRADA MUNICIPAL COSTA DE DENTRO;1;484;0.20661157;0.03006615;COSTA DE DENTRO;13;1406;ESTRADA JOÃO BELARMINO DA SILVA, 2550;-27.78501836;-48.53080614
2016;Vereador;CRECHE MARIA TEREZINHA SARDÁ DA LUZ (ANTIGO N.E.I. PRAIA DO FORTE);1;271;0.36900369;0.03006615;JURERÊ INTERNACIONAL;100;1295;RUA JOSE CARDOSO OLIVEIRA, 3547;-27.43323583;-48.51556473
2016;Vereador;ESCOLA MARCELINO BARCELOS DUTRA;0;547;0.0;0.0;COSTEIRA DO RIBEIRÃO;13;1368;RODOVIA BALDICERO FILOMENO, 11264;-27.75199332;-48.56075116
2016;Vereador;ESCOLA DESDOBRADA COSTA DA LAGOA;0;452;0.0;0.0;COSTA DA LAGOA;13;1643;ESTRADA GERAL COSTA DA LAGOA S/N;;
2016;Vereador;ESCOLA DE ENSINO FUNDAMENTAL BALDICERO FILOMENO;0;568;0.0;0.0;TAPERA - PEDREGAL;13;1414;RUA PEDRO MANOEL DA SILVEIRA, N. 230, FONE (48) 3337 1260;-27.69358516;-48.54791343
2016;Vereador;NEI CANTO DA LAGOA;0;170;0.0;0.0;CANTO DA LAGOA;13;1686;RUA LAURINDO JANUÁRIO DA SILVEIRA, N. 2493;-27.61599263;-48.48445455
2018;Deputado Estadual;COLEGIO CATARINENSE;752;;;2.31299213;CENTRO;12;1708;RUA ESTEVES JÚNIOR, N. 711;-27.5889046;-48.553396
2018;Deputado Estadual;CENTRO EDUCACIONAL MENINO JESUS;512;;;1.57480315;CENTRO;12;1015;RUA ESTEVES JÚNIOR, N. 969;-27.5883123;-48.5534109
2018;Deputado Estadual;UDESC - CENTRO DE ARTES - CEART;366;;;1.12573819;ITACORUBI;100;1155;AVENIDA MADRE BENVENUTA, 2007;-27.58616617;-48.50387642
2018;Deputado Estadual;COLÉGIO NOSSA SENHORA DE FÁTIMA;317;;;0.97502461;ESTREITO;12;2089;RUA AFONSO PENA, N. 1264;-27.5921991;-48.5880281
2018;Deputado Estadual;ESCOLA DE EDUCAÇÃO BÁSICA ADERBAL RAMOS DA SILVA;256;;;0.78740157;ESTREITO;12;2046;RUA CORONEL PEDRO DEMORO, N. 1998;-27.5819089;-48.5822874
2018;Deputado Estadual;CORAÇÃO DE JESUS - ASSOCIAÇÃO FRANCISCANA DE ENSINO BOM JESUS;253;;;0.77817421;CENTRO;12;1805;RUA EMIR ROSA, N. 120;-27.5942817;-48.5471017
2018;Deputado Estadual;JURERÊ SPORTS CENTER;250;;;0.76894685;JURERÊ INTERNACIONAL;100;1465;AVENIDA DOS DOURADOS, 481;-27.44349893;-48.5067282
2018;Deputado Estadual;UDESC - ESCOLA SUPERIOR DE ADMINISTRAÇÃO E GERÊNCIA - ESAG;243;;;0.74741634;ITACORUBI;100;1740;AVENIDA MADRE BENVENUTA, 2037;-27.58592615;-48.50258812
2018;Deputado Estadual;ESCOLA BASICA JOSÉ DO VALLE PEREIRA;241;;;0.74126476;JOÃO PAULO;100;1180;RODOVIA JOAO PAULO, 1268;-27.5621223;-48.51582114
2018;Deputado Estadual;COLÉGIO SANTA CATARINA;236;;;0.72588583;CENTRO;12;1023;RUA FREI EVARISTO, N.  91;-27.589045;-48.5442443
2018;Deputado Estadual;ESCOLA DE ENSINO BASICO LEONOR DE BARROS;226;;;0.69512795;ITACORUBI;100;1481;RUA PASTOR WILLIAM RICHARD SCHISLER FILHO, 80;-27.57582223;-48.50844724
2018;Deputado Estadual;EDUCANDARIO IMACULADA CONCEICAO;210;;;0.64591535;CENTRO;12;1767;RUA SAO FRANCISCO, 148 FONE (48) 33221037;-27.5930273;-48.5540724
2018;Deputado Estadual;ESCOLA BÁSICA MUNICIPAL ALMIRANTE CARVALHAL;205;;;0.63053642;COQUEIROS;12;2100;RUA BENTO GOIA, N. 113;-27.6071356;-48.577472
2018;Deputado Estadual;UFSC - CENTRO TECNOLOGICO - CTC;204;;;0.62746063;TRINDADE;13;1775;CAMPUS UNIVERSITARIO, S/N FONE (48) 3331 9339;-27.60020259;-48.51777093
2018;Deputado Estadual;ESCOLA BÁSICA MUNICIPAL BRIGADEIRO EDUARDO GOMES;204;;;0.62746063;CAMPECHE;13;1546;AVENIDA PEQUENO PRÍNCIPE, N. 2939;-27.68655392;-48.48518251
2018;Deputado Estadual;ESCOLA DE EDUCAÇÃO BÁSICA EDITH GAMA RAMOS;202;;;0.62130906;CAPOEIRAS;12;2160;RUA DIB CHEREM, N. 2773;-27.5991731;-48.5967904
2018;Deputado Estadual;COLEGIO ESTADUAL SIMAO JOSE HESS;200;;;0.61515748;TRINDADE;13;1791;AVENIDA MADRE BENVENUTA, 463 FONE (48) 3234 2323;-27.59171294;-48.51687969
2018;Deputado Estadual;ESCOLA BÁSICA MUNICIPAL PAULO FONTES;199;;;0.61208169;SANTO ANTÔNIO DE LISBOA;100;1210;RUA PROFESSOR OSNI BARBATO, 168;-27.50748223;-48.51774671
2018;Deputado Estadual;EB SILVEIRA DE SOUZA;196;;;0.60285433;CENTRO;12;1031;RUA ALVES DE BRITO, N. 334;-27.590045;-48.545139
2018;Deputado Estadual;ESCOLA DE EDUCAÇÃO BÁSICA PADRE ANCHIETA;186;;;0.57209646;AGRONÔMICA;12;1147;RUA RUI BARBOSA, N. 525;-27.5748713;-48.5373959
2018;Deputado Estadual;CENTRO DE CIÊNCIA DA SAÚDE E DO ESPORTE - CEFID / UDESC;180;;;0.55364173;COQUEIROS;12;2054;RUA PASCHOAL SIMONE, N. 358;-27.609348;-48.5805776
2018;Deputado Estadual;ESCOLA DE EDUCAÇÃO BÁSICA PRESIDENTE ROOSEVELT;172;;;0.52903543;COQUEIROS;12;2143;RUA PASCHOAL SIMONE, N. 80;-27.6102223;-48.5800544
2018;Deputado Estadual;ASSOCIAÇÃO LOTEAMENTO JOÃO GONZAGA COSTA;172;;;0.52903543;SACO GRANDE II;100;1457;RUA DA APICULTURA, 139;-27.53571147;-48.50403316
2018;Deputado Estadual;ESCOLA DE EDUCAÇÃO BÁSICA AMÉRICA DUTRA MACHADO;170;;;0.52288386;MONTE CRISTO;12;2135;RUA JOAQUIM NABUCO N. 2875;-27.5907413;-48.6028089
2018;Deputado Estadual;CENTRO DE EDUCACAO ESCOLA DA ILHA;164;;;0.50442913;CORREGO GRANDE;13;1805;RUA VERA LINHARES DE ANDRADE, 1910 - FONE (48) 3233 5725;-27.59982083;-48.49880034
2018;Deputado Estadual;ESCOLA DE EDUCAÇÃO BÁSICA PROFESSOR ANÍBAL NUNES PIRES;162;;;0.49827756;CAPOEIRAS;12;2070;RUA IRMÃ BONAVITA, N. 240;-27.59772;-48.5977151
2018;Deputado Estadual;COLEGIO ESTADUAL PROFESSORA LAURA LIMA;162;;;0.49827756;MONTE VERDE;100;1163;RUA DO LOURO, 143;-27.55979188;-48.49365151
2018;Deputado Estadual;ESCOLA DE EDUCAÇÃO BÁSICA ROSA TORRES DE MIRANDA;155;;;0.47674705;JARDIM ATLÂNTICO;12;2151;RUA MELVIN JONES, N. 389;-27.5790281;-48.5973528
2018;Deputado Estadual;ACOJAR;153;;;0.47059547;SANTA MÔNICA;100;1090;RUA NERY CARDOSO BITTENCOURT, N. 61;-27.59158356;-48.50878503
2018;Deputado Estadual;ESCOLA TÉCNICA - CENTRO FEDERAL DE EDUC. TECNOLÓGICA DE SC - CEFET/SC;152;;;0.46751969;CENTRO;12;1058;AVENIDA MAURO RAMOS, N. 950;-27.5941821;-48.5432351
2018;Deputado Estadual;COLÉGIO ANTÔNIO PEIXOTO;152;;;0.46751969;ESTREITO;12;2186;RUA VEREADOR BATISTA PEREIRA, N. 656;-27.579583;-48.5851468
2018;Deputado Estadual;ESCOLA DE EDUCAÇÃO BÁSICA HILDA TEODORO VIEIRA;148;;;0.45521654;TRINDADE;13;1732;RUA LAURO LINHARES, N. 560;-27.58433447;-48.52513368
2018;Deputado Estadual;ESCOLA DE EDUCACAO BASICA IDELFONSO LINHARES;148;;;0.45521654;CARIANOS;13;1325;RUA VER. OSVALDO BITTENCOURT, 206 FONE (48) 33665-6352;-27.66564124;-48.53723665
2018;Deputado Estadual;COLÉGIO SANTA TEREZINHA;146;;;0.44906496;INGLESES;100;1562;SERVIDAO SAFIRA, N. 148;-27.43620059;-48.39798407
2018;Deputado Estadual;ESCOLA DE EDUCAÇÃO BÁSICA VEREADOR OSCAR MANOEL CONCEIÇÃO;142;;;0.43676181;RIO TAVARES;13;1570;RODOVIA SC 405, S/N, FONE (48) 36655702;-27.66579945;-48.50307134
2018;Deputado Estadual;ESCOLA BASICA MUNICIPAL OSMAR CUNHA;142;;;0.43676181;CANASVIEIRAS;100;1317;RUA TERTULIANO DE BRITO XAVIER, 661;-27.43626375;-48.46446019
2018;Deputado Estadual;ESCOLA BASICA JOAO ALFREDO HOHR;141;;;0.43368602;CORREGO GRANDE;13;1740;RUA JOAO PIO DUARTE SILVA, 1123 FONE (48) 3234 3516;-27.60067118;-48.50531476
2018;Deputado Estadual;COLÉGIO DA LAGOA;140;;;0.43061024;LAGOA DA CONCEIÇÃO;13;1635;RUA HIPÓLITO DO VALE PEREIRA, N. 121;-27.60386267;-48.47557995
2018;Deputado Estadual;ESCOLA DE EDUCAÇÃO BÁSICA IRINEU BORNHAUSEN;140;;;0.43061024;ESTREITO;12;2119;RUA VEREADOR BATISTA PEREIRA, N. 306;-27.5827983;-48.5866221
2018;Deputado Estadual;COLEGIO ESTADUAL GETULIO VARGAS;131;;;0.40292815;SACO DOS LIMÕES;13;1295;RUA JOAO MOTTA ESPEZIM, 499 FONE (48) 33337176;-27.60755423;-48.53533329
2018;Deputado Estadual;INSTITUTO ESTADUAL DE EDUCAÇÃO - IEE;131;;;0.40292815;CENTRO;12;1783;AVENIDA MAURO RAMOS, N. 275;-27.599775;-48.5455748
2018;Deputado Estadual;ESCOLA DE EDUCAÇÃO BÁSICA ROSINHA CAMPOS;127;;;0.390625;ABRAÃO;12;2097;RUA JOAQUIM FERNANDES DE OLIVEIRA, N. 428;-27.6059362;-48.5909529
2018;Deputado Estadual;ESCOLA DE EDUCAÇÃO BÁSICA JOSÉ BOITEUX;127;;;0.390625;ESTREITO;12;2062;RUA MARECHAL CÂMARA, N. 182;-27.590369;-48.5793242
2018;Deputado Estadual;ESCOLA BÁSICA MUNICIPAL JOÃO GONÇALVES PINHEIRO;119;;;0.3660187;RIO TAVARES;13;1562;RUA SILVIO LOPES ARAÚJO, S/N;-27.65048977;-48.47768121
2018;Deputado Estadual;ESCOLA BÁSICA MUNICIPAL INTENDENTE ARICOMEDES DA SILVA;115;;;0.35371555;CACHOEIRA DO BOM JESUS;100;1325;RODOVIA LEONEL PEREIRA, 930;-27.4254977;-48.42585599
2018;Deputado Estadual;CENTRO DE DESPORTOS - UFSC;114;;;0.35063976;PANTANAL;13;1716;CIDADE UNIVERSITARIA;-27.6055827;-48.518635
2018;Deputado Estadual;PARÓQUIA NOSSA SENHORA DO CARMO;114;;;0.35063976;COQUEIROS;12;2216;RUA PROFESSOR BAYER FILHO, N. 81;-27.6088958;-48.5791014
2018;Deputado Estadual;SENAI - CTAI;113;;;0.34756398;SACO GRANDE II;100;1171;RODOVIA SC 401, 3730;-27.54845435;-48.49859691
2018;Deputado Estadual;ESCOLA DE ENSINO BÁSICO INTENDENTE JOSE FERNANDES;113;;;0.34756398;SITIO CAPIVARI/INGLESES;100;1368;RUA JOAO GUALBERTO SOARES, 324;-27.44262767;-48.40275303
2018;Deputado Estadual;SESC - SERVIÇO SOCIAL DO COMÉRCIO;112;;;0.34448819;ESTREITO;12;2020;RUA GENERAL EURICO GASPAR DUTRA N. 913;-27.5903231;-48.5774635
2018;Deputado Estadual;UFSC - CENTRO SOCIO ECONOMICO - CSE;107;;;0.32910925;TRINDADE;13;1783;CAMPUS UNIVERSITARIO, S/N FONE (48) 3331 9560;-27.59900381;-48.52160566
2018;Deputado Estadual;CRECHE ORLANDINA CORDEIRO;104;;;0.31988189;SACO GRANDE;100;1627;RODOVIA VIRGILIO VARZEA, 380, FONE (48) 3238 0305;-27.55577607;-48.49853447
2018;Deputado Estadual;CENTRO EDUCACIONAL UNIVERSO;104;;;0.31988189;INGLESES;100;1600;SERVIDÃO PROFESSOR NILSON JOSÉ DE JESUS, 91 (SC 403, KM 06);-27.43833718;-48.40220695
2018;Deputado Estadual;ESCOLA BÁSICA MUNICIPAL PROFESSORA HERONDINA MEDEIROS ZEFERINO;98;;;0.30142717;INGLESES;100;1732;RUA TRÊS MARIAS, 1072;-27.43561281;-48.40987824
2018;Deputado Estadual;COLEGIO DE APLICACAO;97;;;0.29835138;TRINDADE;13;1821;CAMPUS UNIVERSITARIO;-27.60051854;-48.52435819
2018;Deputado Estadual;ESCOLA BÁSICA BEATRIZ DE SOUZA BRITO;89;;;0.27374508;PANTANAL;13;1759;RUA DEPUTADO ANTÔNIO EDU VIEIRA, N. 600;-27.6104853;-48.52287593
2018;Deputado Estadual;ESCOLA DE EDUCAÇÃO BÁSICA JORNALISTA JAIRO CALLADO;83;;;0.25529035;ESTREITO;12;2208;RUA ANTONIETA DE BARROS, N. 581;-27.588901;-48.5843718
2018;Deputado Estadual;ESCOLA DE EDUCAÇÃO BÁSICA PERO VAZ DE CAMINHA;82;;;0.25221457;CAPOEIRAS;12;2178;RUA IRMÃ BONAVITA, N. 954;-27.5869632;-48.597302
2018;Deputado Estadual;ESCOLA BASICA MUNICIPAL MARIA CONCEICAO NUNES;82;;;0.25221457;RIO VERMELHO;100;1384;RUA LUIZ DUARTE, S/N;-27.49090659;-48.41752882
2018;Deputado Estadual;ASSOCIAÇÃO DOS ECONOMIÁRIOS FEDERAIS DE SC;81;;;0.24913878;JURERÊ;100;1287;RUA ALAMEDA CÉSAR NASCIMENTO, 700;-27.43881818;-48.49103652
2018;Deputado Estadual;ESCOLA BÁSICA MUNICIPAL OSVALDO MACHADO;79;;;0.2429872;PONTA DAS CANAS;100;1341;RUA LUIZ BOITEUX PIAZZA, 6542;-27.39506544;-48.42939324
2018;Deputado Estadual;COLÉGIO GERAÇÃO JÚNIOR - UNIDADE BEIRAMAR;78;;;0.23991142;AGRONÔMICA;12;1686;RUA SÃO JOÃO BATISTA, N. 60;-27.5747823;-48.5290097
2018;Deputado Estadual;ESCOLA BASICA MUNICIPAL ANISIO TEIXEIRA;78;;;0.23991142;COSTEIRA DO PIRAJUBAÉ;13;1309;RUA JOÃO CANCIO JACQUES, 1461;-27.63414326;-48.52224327
2018;Deputado Estadual;ESCOLA BASICA ACACIO GARIBALDI SAO TIAGO;75;;;0.23068406;BARRA DA LAGOA;13;1619;RUA ALTAMIRO BARCELOS DUTRA, 1195;-27.57578954;-48.42971636
2018;Deputado Estadual;N.E.I. - NUCLEO DE EDUCAÇÃO INFANTIL GENTIL MATHIAS DA SILVA;74;;;0.22760827;INGLESES;100;1376;RUA DOM JOAO BECKER, 988;-27.44004621;-48.38701257
2018;Deputado Estadual;ESCOLA BÁSICA MUNICIPAL VIRGÍLIO REIS VÁRZEA;72;;;0.22145669;CANASVIEIRAS;100;1724;RUA MANOEL MANCELLOS MOURA, S/N;-27.43286414;-48.45626445
2018;Deputado Estadual;ESCOLA BASICA MUNICIPAL HENRIQUE VERAS;72;;;0.22145669;LAGOA DA CONCEIÇÃO;13;1651;RUA JOAO PACHECO DA COSTA, 249 FONE (48) 3232 8923;-27.60015787;-48.47094485
2018;Deputado Estadual;SALÃO PAROQUIAL DA IGREJA SÃO LUIZ;71;;;0.21838091;AGRONÔMICA;12;1813;RUA PADRE SCHRADER, N. 49;-27.5769466;-48.5424406
2018;Deputado Estadual;CCJ - CENTRO DE CIENCIAS JURIDICAS;71;;;0.21838091;TRINDADE;13;1767;CAMPUS UNIVERSITARIO;-27.59889656;-48.52184412
2018;Deputado Estadual;ESCOLA BÁSICA MUNICIPAL DONICIA MARIA DA COSTA;70;;;0.21530512;SACO GRANDE II;100;1473;RODOVIA VIRGILIO VARZEA, S/N;-27.54877299;-48.49669456
2018;Deputado Estadual;INSS - AGÊNCIA DA PREVIDÊNCIA SOCIAL;70;;;0.21530512;CAPOEIRAS;12;2232;AVENIDA  IVO SILVEIRA, N. 1960;-27.6002168;-48.5814354
2018;Deputado Estadual;O. ASSIST. SOCIAL DOM ORIONE (PARÓQUIA SÃO JOÃO BATISTA E SANTA LUZIA);68;;;0.20915354;CAPOEIRAS;12;2224;RUA DIB CHEREM, N. 2698;-27.5987317;-48.5964291
2018;Deputado Estadual;ESCOLA DE EDUCAÇÃO BÁSICA PROFESSOR HENRIQUE STODIECK;65;;;0.19992618;CENTRO;12;1716;RUA ESTEVES JÚNIOR, N. 65;-27.593655;-48.5526083
2018;Deputado Estadual;N.E.I. - NÚCLEO DE EDUCAÇÃO INFANTIL MARIA SALOMÉ DOS SANTOS;65;;;0.19992618;SAMBAQUI;100;1228;RUA PROFESSOR EUCLIDES DA CUNHA, S/N;-27.49263482;-48.52403071
2018;Deputado Estadual;ESCOLA BÁSICA MUNICIPAL JOSÉ AMARO CORDEIRO;63;;;0.19377461;MORRO DAS PEDRAS;13;1422;RODOVIA SC 406, AV. FRANCISCO THOMAS DE SOUZA, N. 1691;-27.71675019;-48.50746865
2018;Deputado Estadual;COLÉGIO ESTADUAL JUREMA CAVALAZZI;62;;;0.19069882;JOSÉ MENDES;13;1287;RUA PROFESSOR ANIBAL NUNES PIRES, S/N FONE (48) 32257731;-27.61253111;-48.54547966
2018;Deputado Estadual;ESCOLA BASICA MUNICIPAL DILMA LUCIA DOS SANTOS;60;;;0.18454724;ARMAÇÃO DO PÂNTANO DO SUL;13;1392;RODOVIA SC 406, 6050;-27.75330916;-48.51033099
2018;Deputado Estadual;UFSC - CENTRO DE FILOSOFIA E CIENCIAS HUMANAS - CFH;59;;;0.18147146;TRINDADE;13;1813;CAMPUS UNIVERSITARIO, S/N FONE (48) 3331 9336;-27.60243905;-48.52325262
2018;Deputado Estadual;ESCOLA BASICA MARIA TOMAZIA COELHO;56;;;0.17224409;ARANHAS/SANTINHO;100;1643;RUA VEREADOR ONILDO LEMOS, 1409;-27.45528237;-48.3806984
2018;Deputado Estadual;N.E.I. ORISVALDINA SILVA;56;;;0.17224409;LAGOA DA CONCEIÇÃO;13;1708;SERVIDÃO RUTH BASTOS DE OLIVEIRA;-27.59942601;-48.47048652
2018;Deputado Estadual;ESCOLA DE EDUCAÇÃO BÁSICA LAURO MÜLLER;56;;;0.17224409;CENTRO;12;1775;RUA MARECHAL GUILHERME, N. 134;-27.5937351;-48.5475406
2018;Deputado Estadual;ESCOLA BASICA MUNICIPAL BATISTA PEREIRA;54;;;0.16609252;RIBEIRÃO DA ILHA;13;1350;RODOVIA BALDICERO FILOMENO, 3000;-27.70250472;-48.53649535
2018;Deputado Estadual;CONSELHO COMUNITÁRIO DO SACO DOS LIMÕES;52;;;0.15994094;SACO DOS LIMÕES;13;1589;R. JOÃO MOTTA ESPEZIM, N. 783;-27.60861312;-48.53227364
2018;Deputado Estadual;CONSELHO COMUNITÁRIO DA COLONINHA;52;;;0.15994094;COLONINHA;12;2194;RUA JOÃO EVANGELISTA DA COSTA, N. 435;-27.5887782;-48.5905368
2018;Deputado Estadual;E.E.M. ANTÔNIO PASCHOAL APÓSTOLO;50;;;0.15378937;RIO VERMELHO;100;1678;RODOVIA JOÃO GUALBERTO SOARES, 6809;-27.49351969;-48.41998681
2018;Deputado Estadual;ESCOLA ESTADUAL BASICA JULIO DA COSTA NEVES;47;;;0.14456201;COSTEIRA DO PIRAJUBAÉ;13;1317;RUA CAMINHO DOS ESTUDANTES, S/N.;-27.64451369;-48.52398285
2018;Deputado Estadual;FUNASA - FUNDAÇÃO NACIONAL DE SAÚDE;44;;;0.13533465;ESTREITO;12;2127;AVENIDA MARINHEIRO MAX SCHRAMM,  N. 2179;-27.5818034;-48.5861139
2018;Deputado Estadual;ESCOLA DINAMICA;42;;;0.12918307;VARGEM GRANDE;100;1597;RUA CRISTOVAO MACHADO DE CAMPOS, 1001;-27.46044382;-48.44882039
2018;Deputado Estadual;SESC - SERVICO SOCIAL DO COMERCIO;41;;;0.12610728;CACUPÉ;100;1201;RODOVIA HAROLDO SOARES GLAVAN, 1670;-27.54275579;-48.52332361
2018;Deputado Estadual;ESCOLA DE ENSINO BÁSICO DE MUQUEM;40;;;0.1230315;MUQUEM RIO VERMELHO;100;1503;RUA MANOEL PETRONILHO DA SILVEIRA, 1;-27.46964795;-48.41631705
2018;Deputado Estadual;COLÉGIO ESTADUAL DOM JAIME DE BARROS CÂMARA;40;;;0.1230315;RIBEIRÃO DA ILHA;13;1341;RODOVIA BALDICERO FILOMENO, 70821;-27.72166852;-48.56387165
2018;Deputado Estadual;ESCOLA MARCO INICIAL;39;;;0.11995571;AGRONÔMICA;12;1163;RUA DELMINDA SILVEIRA, N. 230;-27.57465;-48.53296
2018;Deputado Estadual;ESCOLA BÁSICA LUIZ CÂNDIDO DA LUZ -  PONTA DO MORRO;39;;;0.11995571;VARGEM DO BOM JESUS;100;1279;RODOVIA SC 403 KM 3, S/N;-27.4487887;-48.43418039
2018;Deputado Estadual;ESCOLA BASICA MUNICIPAL ALBERTINA MADALENA DIAS;38;;;0.11687992;VARGEM GRANDE;100;1260;RUA CRISTOVAO MACHADO DE CAMPOS, N. 1537;-27.46458096;-48.449068
2018;Deputado Estadual;ESCOLA BASICA MUNICIPAL MANCIO COSTA;37;;;0.11380413;RATONES;100;1244;ESTRADA INTENDENTE ANTONIO DAMASCO, 3131;-27.50989282;-48.4894334
2018;Deputado Estadual;ESCOLA DE ENSINO BASICO JANUARIA TEIXEIRA DA ROCHA;36;;;0.11072835;CAMPECHE;13;1554;RUA DA CAPELA, N. 1234, FONE (48) 3338 2829;-27.67599796;-48.48374762
2018;Deputado Estadual;ESCOLA EDUCAÇÃO BÁSICA TENENTE ALMACHIO;31;;;0.09534941;TAPERA;13;1333;AVENIDA SANTOS DUMONT, N. E025;-27.68222932;-48.56776807
2018;Deputado Estadual;CRECHE WALDEMAR DA SILVA FILHO;31;;;0.09534941;TRINDADE;13;1724;AVENIDA  MADRE BENVENUTA, 521;-27.59173263;-48.51621131
2018;Deputado Estadual;ESCOLA DESDOBRADA MARCOLINO JOSE DE LIMA;30;;;0.09227362;BARRA DO SAMBAQUI;100;1589;RODOVIA  ISID DUTRA, 1200;-27.48479799;-48.51931027
2018;Deputado Estadual;ASSOCIACAO DOS MORADORES DO PORTO DA LAGOA;30;;;0.09227362;PORTO DA LAGOA;13;1660;RUA LAURINDO JANUARIO DA SILVEIRA, 5500;-27.63269214;-48.47254034
2018;Deputado Estadual;CONSELHO COMUNITÁRIO PONTAL DO JURERÊ;30;;;0.09227362;DANIELA;100;1660;AVENIDA DAS PALMEIRAS, N. 566;-27.44775115;-48.52803298
2018;Deputado Estadual;ESCOLA DESDOBRADA MUNICIPAL JURERÊ (ANTIGA ESCOLA PRAIA DE FORA);29;;;0.08919783;JURERÊ TRADICIONAL;100;1309;RUA JURERE TRADICIONAL, 230;-27.44223854;-48.48373278
2018;Deputado Estadual;CRECHE IRMÃO CELSO;28;;;0.08612205;AGRONÔMICA;12;1821;RUA RUI BARBOSA, N. 677 F;-27.5742117;-48.5370167
2018;Deputado Estadual;INSTITUTO FEDERAL DE SANTA CATARINA - CAMPUS FLORIANOPOLIS CONTINENTE;27;;;0.08304626;COQUEIROS;12;2038;RUA QUATORZE DE JULHO N 150;-27.5997081;-48.5721929
2018;Deputado Estadual;ANEXO DA ESCOLA DE ENSINO BÁSICO INTENDENTE JOSÉ FERNANDES;27;;;0.08304626;SÍTIO CAPIVARI DE BAIXO;100;1686;SERVIDÃO MANOEL LAUREANO DOS SANTOS, 1144;-27.44789624;-48.39761719
2018;Deputado Estadual;CRECHE ANA SPYROS DIMATOS;22;;;0.06766732;TAPERA;13;1597;RODOVIA AÇORIANA ESQUINA COM A RUA JOSÉ CORREA;-27.69090308;-48.55569301
2018;Deputado Estadual;CRECHE PROFESSORA ROSA MARIA PIRES;19;;;0.05843996;CENTRO;12;1139;RUA DESEMBARGADOR NELSON NUNES, N. 208;-27.5843362;-48.5409124
2018;Deputado Estadual;CRECHE VARGEM PEQUENA;19;;;0.05843996;VARGEM PEQUENA;100;1538;RODOVIA JOSÉ CARLOS DAUX, 16019 (SC 401 KM 15);-27.46754703;-48.46680653
2018;Deputado Estadual;CRECHE CELSO RAMOS;18;;;0.05536417;PRAINHA;12;1732;RUA PROFESSOR ALDO CÂMARA DA SILVA, N. 120;-27.6037933;-48.5471831
2018;Deputado Estadual;ESCOLA DESDOBRADA RETIRO DA LAGOA;17;;;0.05228839;RETIRO DA LAGOA;13;1678;RUA PREFEITO ACACIO GARIBALDI SAO THIAGO, 210;-27.61065;-48.44202166
2018;Deputado Estadual;E.E.M. JACÓ ANDERLE;16;;;0.0492126;VARGEM GRANDE;100;1708;RUA FRANCISCO FAUSTO MARTINS, S/N;-27.451773;-48.45441054
2018;Deputado Estadual;ESCOLA DESDOBRADA MUNICIPAL JOAO FRANCISCO GARCES;14;;;0.04306102;CANTO DA LAGOA;13;1627;RUA LAURINDO JANUARIO DA SILVEIRA, 2447;-27.61577034;-48.48457089
2018;Deputado Estadual;NÚCLEO DE EDUCAÇÃO INFANTIL JOÃO MACHADO DA SILVA;14;;;0.04306102;AGRONÔMICA;12;1155;TRAVESSA JOSÉ PEDRO GIL, N. 195;-27.5803045;-48.540206
2018;Deputado Estadual;IGREJA SÃO BRAS - SALÃO PAROQUIAL (MITRA METROPOLITANA);12;;;0.03690945;VARGEM PEQUENA;100;1252;RUA MANOEL LEONCIO DE SOUZA BRITO, 549;-27.46972142;-48.46119351
2018;Deputado Estadual;NEI - NÚCLEO DE EDUCAÇÃO INFANTIL - CAIEIRA DA BARRA DO SUL;10;;;0.03075787;CAIEIRA DA BARRA DO SUL;13;1376;RODOVIA BALDICERO FILOMENO, N. 19795;-27.81159632;-48.5589638
2018;Deputado Estadual;ESCOLA DE ENSINO FUNDAMENTAL SEVERO HONORATO DA COSTA;10;;;0.03075787;PÂNTANO DO SUL;13;1384;RUA OTACILIO ABELARDO GOMES, 115;-27.78080741;-48.507643
2018;Deputado Estadual;CRECHE MARIA TEREZINHA SARDÁ DA LUZ (ANTIGO N.E.I. PRAIA DO FORTE);10;;;0.03075787;JURERÊ INTERNACIONAL;100;1295;RUA JOSE CARDOSO OLIVEIRA, 3547;-27.43323583;-48.51556473
2018;Deputado Estadual;UNISUL - UNIDADE FLORIANÓPOLIS - R. ADOLFO MELO;9;;;0.02768209;CENTRO;12;2267;R. ADOLFO MELO, N. 34;-27.59355105;-48.5517645
2018;Deputado Estadual;ESCOLA DESDOBRADA MUNICIPAL COSTA DE DENTRO;9;;;0.02768209;COSTA DE DENTRO;13;1406;ESTRADA JOÃO BELARMINO DA SILVA, 2550;-27.78501836;-48.53080614
2018;Deputado Estadual;CENTRO EDUCACIONAL MARISTA;6;;;0.01845472;MORRO DA CAIXA;12;1740;RUA GENERAL VIEIRA DA ROSA,  N. 1050;-27.5914249;-48.5367895
2018;Deputado Estadual;ESCOLA MARCELINO BARCELOS DUTRA;5;;;0.01537894;COSTEIRA DO RIBEIRÃO;13;1368;RODOVIA BALDICERO FILOMENO, 11264;-27.75199332;-48.56075116
2018;Deputado Estadual;NEI CANTO DA LAGOA;5;;;0.01537894;CANTO DA LAGOA;13;1686;RUA LAURINDO JANUÁRIO DA SILVEIRA, N. 2493;-27.61599263;-48.48445455
2018;Deputado Estadual;ESCOLA DE ENSINO FUNDAMENTAL BALDICERO FILOMENO;4;;;0.01230315;TAPERA - PEDREGAL;13;1414;RUA PEDRO MANOEL DA SILVEIRA, N. 230, FONE (48) 3337 1260;-27.69358516;-48.54791343
2018;Deputado Estadual;ESCOLA DESDOBRADA COSTA DA LAGOA;2;;;0.00615157;COSTA DA LAGOA;13;1643;ESTRADA GERAL COSTA DA LAGOA S/N;;
2018;Deputado Estadual;ESCOLA BASICA MUNICIPAL OSMAR CUNHA;1;;;0.00307579;CANASVIEIRAS;100;1776;RUA TERTULIANO DE BRITO XAVIER, 661;;
2018;Deputado Estadual;INSTITUTO FEDERAL DE SANTA CATARINA - CAMPUS FLORIANOPOLIS CONTINENTE;0;;;0.0;COQUEIROS;12;2275;RUA QUATORZE DE JULHO N 150;-27.5996803;-48.5722526
2018;Deputado Estadual;PENITENCIÁRIA DE FLORIANÓPOLIS;0;;;0.0;AGRONÔMICA;12;2240;RUA DELMINDA DA SILVEIRA, 960;-27.5781368;-48.52687551
2022;Deputado Federal;COLEGIO CATARINENSE;1104;6192;17.82945736;1.27529803;CENTRO;12;1708;RUA ESTEVES JÚNIOR, N. 711;-27.5889046;-48.553396
2022;Deputado Federal;CENTRO EDUCACIONAL MENINO JESUS;957;5226;18.31228473;1.10548933;CENTRO;12;1015;RUA ESTEVES JÚNIOR, N. 969;-27.5883123;-48.5534109
2022;Deputado Federal;UDESC - CENTRO DE ARTES - CEART;718;6131;11.710977;0.82940579;ITACORUBI;100;1155;AVENIDA MADRE BENVENUTA, 2007;-27.58616617;-48.50387642
2022;Deputado Federal;COLÉGIO SALVATORIANO NOSSA SENHORA DE FÁTIMA;611;5294;11.54136759;0.70580353;ESTREITO;12;2089;RUA AFONSO PENA, N. 1264;-27.5921991;-48.5880281
2022;Deputado Federal;ESCOLA BÁSICA MUNICIPAL BRIGADEIRO EDUARDO GOMES;472;6289;7.50516775;0.54523611;CAMPECHE;13;1546;AVENIDA PEQUENO PRÍNCIPE, N. 2939;-27.68655392;-48.48518251
2022;Deputado Federal;ESCOLA DE ENSINO BASICO LEONOR DE BARROS;464;3851;12.04881849;0.53599482;ITACORUBI;100;1481;RUA PASTOR WILLIAM RICHARD SCHISLER FILHO, 80;-27.57582223;-48.50844724
2022;Deputado Federal;ESCOLA DE EDUCAÇÃO BÁSICA ADERBAL RAMOS DA SILVA;404;4358;9.27030748;0.46668515;ESTREITO;12;2046;RUA CORONEL PEDRO DEMORO, N. 1998;-27.5819089;-48.5822874
2022;Deputado Federal;CORAÇÃO DE JESUS - ASSOCIAÇÃO FRANCISCANA DE ENSINO BOM JESUS;400;2649;15.10003775;0.4620645;CENTRO;12;1805;RUA EMIR ROSA, N. 120;-27.5942817;-48.5471017
2022;Deputado Federal;ESCOLA BASICA JOSÉ DO VALLE PEREIRA;394;3419;11.52383738;0.45513354;JOÃO PAULO;100;1180;RODOVIA JOAO PAULO, 1268;-27.5621223;-48.51582114
2022;Deputado Federal;UDESC - ESCOLA SUPERIOR DE ADMINISTRAÇÃO E GERÊNCIA - ESAG;389;2557;15.2131404;0.44935773;ITACORUBI;100;1740;AVENIDA MADRE BENVENUTA, 2037;-27.58592615;-48.50258812
2022;Deputado Federal;CENTRO DE CIÊNCIAS DA SAÚDE E DO ESPORTE - CEFID / UDESC;368;3127;11.76846818;0.42509934;COQUEIROS;12;2054;RUA PASCHOAL SIMONE, N. 358;-27.609348;-48.5805776
2022;Deputado Federal;JURERÊ SPORTS CENTER;365;2440;14.95901639;0.42163386;JURERÊ INTERNACIONAL;100;1465;AVENIDA DOS DOURADOS, 481;-27.44349893;-48.5067282
2022;Deputado Federal;ESCOLA DE EDUCAÇÃO BÁSICA PRESIDENTE ROOSEVELT;361;3431;10.52171379;0.41701322;COQUEIROS;12;2143;RUA PASCHOAL SIMONE, N. 80;-27.6102223;-48.5800544
2022;Deputado Federal;ESCOLA DE EDUCAÇÃO BÁSICA EDITH GAMA RAMOS;352;3688;9.54446855;0.40661676;CAPOEIRAS;12;2160;RUA DIB CHEREM, N. 2773;-27.5991731;-48.5967904
2022;Deputado Federal;COLEGIO ESTADUAL SIMAO JOSE HESS;345;3561;9.68828981;0.39853063;TRINDADE;13;1791;AVENIDA MADRE BENVENUTA, 463;-27.59171294;-48.51687969
2022;Deputado Federal;COLÉGIO SANTA CATARINA;338;2236;15.11627907;0.39044451;CENTRO;12;1023;RUA FREI EVARISTO, N.  91;-27.589045;-48.5442443
2022;Deputado Federal;ESCOLA BASICA MUNICIPAL OSMAR CUNHA;337;4910;6.86354379;0.38928934;CANASVIEIRAS;100;1317;RUA TERTULIANO DE BRITO XAVIER, 661;-27.43626375;-48.46446019
2022;Deputado Federal;ESCOLA BÁSICA MUNICIPAL PROFESSORA HERONDINA MEDEIROS ZEFERINO;331;5173;6.39860816;0.38235838;INGLESES;100;1732;RUA TRÊS MARIAS, 1072;-27.43561281;-48.40987824
2022;Deputado Federal;ESCOLA BÁSICA MUNICIPAL ALMIRANTE CARVALHAL;329;3351;9.81796479;0.38004805;COQUEIROS;12;2100;RUA BENTO GOIA, N. 113;-27.6071356;-48.577472
2022;Deputado Federal;ESCOLA BÁSICA MUNICIPAL JOÃO GONÇALVES PINHEIRO;327;4901;6.67210773;0.37773773;RIO TAVARES;13;1562;RUA SILVIO LOPES ARAÚJO, S/N;-27.65048977;-48.47768121
2022;Deputado Federal;ESCOLA DE EDUCAÇÃO BÁSICA ROSA TORRES DE MIRANDA;322;3668;8.77862595;0.37196193;JARDIM ATLÂNTICO;12;2151;RUA MELVIN JONES, N. 389;-27.5790281;-48.5973528
2022;Deputado Federal;EDUCANDARIO IMACULADA CONCEICAO;311;2585;12.03094778;0.35925515;CENTRO;12;1767;RUA SAO FRANCISCO, 148 FONE (48) 33221037;-27.5930273;-48.5540724
2022;Deputado Federal;ESCOLA DE ENSINO MÉDIO VEREADOR OSCAR MANOEL CONCEIÇÃO;307;5132;5.98207327;0.35463451;RIO TAVARES;13;1570;RODOVIA SC 405, S/N,;-27.66579945;-48.50307134
2022;Deputado Federal;ACOJAR;301;2185;13.77574371;0.34770354;SANTA MÔNICA;100;1090;RUA NERY CARDOSO BITTENCOURT, N. 61;-27.59158356;-48.50878503
2022;Deputado Federal;ESCOLA DE EDUCAÇÃO BÁSICA PADRE ANCHIETA;301;3496;8.60983982;0.34770354;AGRONÔMICA;12;1147;RUA RUI BARBOSA, N. 525;-27.5748713;-48.5373959
2022;Deputado Federal;UFSC - CENTRO TECNOLOGICO - CTC;287;2758;10.40609137;0.33153128;TRINDADE;13;1775;CAMPUS UNIVERSITARIO, S/N;-27.60020259;-48.51777093
2022;Deputado Federal;COLÉGIO ANTÔNIO PEIXOTO;279;2199;12.68758527;0.32228999;ESTREITO;12;2186;RUA VEREADOR BATISTA PEREIRA, N. 656;-27.579583;-48.5851468
2022;Deputado Federal;ESCOLA DE EDUCACAO BASICA IDELFONSO LINHARES;273;4780;5.71129707;0.31535902;CARIANOS;13;1325;RUA VER. OSVALDO BITTENCOURT, N. 206;-27.66564124;-48.53723665
2022;Deputado Federal;ESCOLA DE EDUCAÇÃO BÁSICA HILDA TEODORO VIEIRA;269;3293;8.168843;0.31073838;TRINDADE;13;1732;RUA LAURO LINHARES, N. 560;-27.58433447;-48.52513368
2022;Deputado Federal;COLEGIO ESTADUAL GETULIO VARGAS;268;5022;5.33651932;0.30958322;SACO DOS LIMÕES;13;1295;RUA JOAO MOTTA ESPEZIM, N. 499;-27.60755423;-48.53533329
2022;Deputado Federal;ESCOLA BÁSICA MUNICIPAL PAULO FONTES;267;2516;10.61208267;0.30842806;SANTO ANTÔNIO DE LISBOA;100;1210;RUA PROFESSOR OSNI BARBATO, 168;-27.50748223;-48.51774671
2022;Deputado Federal;CENTRO DE EDUCACAO ESCOLA DA ILHA;266;2179;12.2074346;0.3072729;CORREGO GRANDE;13;1805;RUA VERA LINHARES DE ANDRADE, 1910;-27.59982083;-48.49880034
2022;Deputado Federal;ESCOLA DE EDUCAÇÃO BÁSICA ROSINHA CAMPOS;263;3114;8.44572897;0.30380741;ABRAÃO;12;2097;RUA JOAQUIM FERNANDES DE OLIVEIRA, N. 428;-27.6059362;-48.5909529
2022;Deputado Federal;COLÉGIO DA LAGOA;262;2954;8.86932972;0.30265225;LAGOA DA CONCEIÇÃO;13;1635;RUA HIPÓLITO DO VALE PEREIRA, N. 121;-27.60386267;-48.47557995
2022;Deputado Federal;ESCOLA TÉCNICA - CENTRO FEDERAL DE EDUC. TECNOLÓGICA DE SC - CEFET/SC;260;3501;7.42644959;0.30034193;CENTRO;12;1058;AVENIDA MAURO RAMOS, N. 950;-27.5941821;-48.5432351
2022;Deputado Federal;COLÉGIO SANTA TEREZINHA;259;3411;7.59308121;0.29918677;INGLESES;100;1562;SERVIDAO SAFIRA, N. 148;-27.43620059;-48.39798407
2022;Deputado Federal;ESCOLA DE EDUCAÇÃO BÁSICA IRINEU BORNHAUSEN;255;3255;7.83410138;0.29456612;ESTREITO;12;2119;RUA VEREADOR BATISTA PEREIRA, N. 306;-27.5827983;-48.5866221
2022;Deputado Federal;CENTRO DE EDUCAÇÃO CONTINUADA - (SILVEIRA DE SOUZA);254;2134;11.90253046;0.29341096;CENTRO;12;1031;RUA FERREIRA LIMA N 82;-27.5877848;-48.5463907
2022;Deputado Federal;INSTITUTO ESTADUAL DE EDUCAÇÃO - IEE;247;4048;6.10177866;0.28532483;CENTRO;12;1783;AVENIDA MAURO RAMOS, N. 275;-27.599775;-48.5455748
2022;Deputado Federal;ESCOLA BASICA JOAO ALFREDO HOHR;243;2730;8.9010989;0.28070419;CORREGO GRANDE;13;1740;RUA JOAO PIO DUARTE SILVA, 1123;-27.60067118;-48.50531476
2022;Deputado Federal;ESCOLA BASICA MUNICIPAL HENRIQUE VERAS;229;3274;6.99450214;0.26453193;LAGOA DA CONCEIÇÃO;13;1651;RUA JOAO PACHECO DA COSTA, 249;-27.60015787;-48.47094485
2022;Deputado Federal;ESCOLA DE EDUCAÇÃO BÁSICA JOSÉ BOITEUX;227;2644;8.58547655;0.26222161;ESTREITO;12;2062;RUA MARECHAL CÂMARA, N. 182;-27.590369;-48.5793242
2022;Deputado Federal;SESC - SERVIÇO SOCIAL DO COMÉRCIO;225;2122;10.60320452;0.25991128;ESTREITO;12;2020;RUA GENERAL EURICO GASPAR DUTRA N. 913;-27.5903231;-48.5774635
2022;Deputado Federal;ESCOLA BASICA MUNICIPAL MARIA CONCEICAO NUNES;222;4063;5.4639429;0.2564458;RIO VERMELHO;100;1384;RUA LUIZ DUARTE, S/N;-27.49090659;-48.41752882
2022;Deputado Federal;PARÓQUIA NOSSA SENHORA DO CARMO;214;2062;10.37827352;0.24720451;COQUEIROS;12;2216;RUA PROFESSOR BAYER FILHO, N. 81;-27.6088958;-48.5791014
2022;Deputado Federal;ESCOLA DE ENSINO BÁSICO INTENDENTE JOSE FERNANDES;214;4408;4.85480944;0.24720451;SITIO CAPIVARI/INGLESES;100;1368;RUA JOAO GUALBERTO SOARES, 324;-27.44262767;-48.40275303
2022;Deputado Federal;ESCOLA BÁSICA MUNICIPAL INTENDENTE ARICOMEDES DA SILVA;207;4062;5.09601182;0.23911838;CACHOEIRA DO BOM JESUS;100;1325;RODOVIA LEONEL PEREIRA, 930;-27.4254977;-48.42585599
2022;Deputado Federal;CENTRO EDUCACIONAL UNIVERSO;205;2480;8.26612903;0.23680806;INGLESES;100;1600;SERVIDÃO PROFESSOR NILSON JOSÉ DE JESUS, 91 (SC 403, KM 06);-27.43833718;-48.40220695
2022;Deputado Federal;COLEGIO ESTADUAL PROFESSORA LAURA LIMA;197;3650;5.39726027;0.22756677;MONTE VERDE;100;1163;RUA DO LOURO, 143;-27.55979188;-48.49365151
2022;Deputado Federal;ESCOLA BÁSICA MUNICIPAL JOSÉ AMARO CORDEIRO;193;2718;7.10080942;0.22294612;MORRO DAS PEDRAS;13;1422;RODOVIA SC 406, AV. FRANCISCO THOMAS DE SOUZA, N. 1691;-27.71675019;-48.50746865
2022;Deputado Federal;ESCOLA DE EDUCAÇÃO BÁSICA PROFESSOR ANÍBAL NUNES PIRES;186;2440;7.62295082;0.21485999;CAPOEIRAS;12;2070;RUA IRMÃ BONAVITA, N. 240;-27.59772;-48.5977151
2022;Deputado Federal;CCJ - CENTRO DE CIENCIAS JURIDICAS;182;2568;7.08722741;0.21023935;TRINDADE;13;1767;CAMPUS UNIVERSITARIO;-27.59889656;-48.52184412
2022;Deputado Federal;COLÉGIO GERAÇÃO JÚNIOR - UNIDADE BEIRAMAR;181;2324;7.78829604;0.20908419;AGRONÔMICA;12;1686;RUA SÃO JOÃO BATISTA, N. 60;-27.5747823;-48.5290097
2022;Deputado Federal;ESCOLA BASICA ACACIO GARIBALDI SAO TIAGO;171;3544;4.82505643;0.19753258;BARRA DA LAGOA;13;1619;RUA ALTAMIRO BARCELOS DUTRA, 1195;-27.57578954;-48.42971636
2022;Deputado Federal;ESCOLA BÁSICA MUNICIPAL VIRGÍLIO REIS VÁRZEA;166;2408;6.89368771;0.19175677;CANASVIEIRAS;100;1724;RUA MANOEL MANCELLOS MOURA, S/N;-27.43286414;-48.45626445
2022;Deputado Federal;E.B.M. ANTÔNIO PASCHOAL APÓSTOLO;159;3035;5.23887974;0.18367064;RIO VERMELHO;100;1678;RODOVIA JOÃO GUALBERTO SOARES, 6809;-27.49351969;-48.41998681
2022;Deputado Federal;ESCOLA DE EDUCAÇÃO BÁSICA JORNALISTA JAIRO CALLADO;157;1592;9.86180905;0.18136032;ESTREITO;12;2208;RUA ANTONIETA DE BARROS, N. 581;-27.588901;-48.5843718
2022;Deputado Federal;COLEGIO DE APLICACAO;155;2063;7.5133301;0.17905;CARVOEIRA;13;1821;CAMPUS UNIVERSITARIO;-27.60051854;-48.52435819
2022;Deputado Federal;UFSC - CENTRO SOCIO ECONOMICO - CSE;155;1981;7.82433115;0.17905;TRINDADE;13;1783;CAMPUS UNIVERSITARIO, S/N;-27.59900381;-48.52160566
2022;Deputado Federal;SENAI - CTAI;144;1756;8.20045558;0.16634322;SACO GRANDE II;100;1171;RODOVIA SC 401, 3730;-27.54845435;-48.49859691
2022;Deputado Federal;ESCOLA BASICA MUNICIPAL BATISTA PEREIRA;144;3003;4.7952048;0.16634322;RIBEIRÃO DA ILHA;13;1350;RODOVIA BALDICERO FILOMENO, 3000;-27.70250472;-48.53649535
2022;Deputado Federal;CRECHE ORLANDINA CORDEIRO;144;1575;9.14285714;0.16634322;SACO GRANDE;100;1627;RODOVIA VIRGILIO VARZEA, 380, FONE (48) 3238 0305;-27.55577607;-48.49853447
2022;Deputado Federal;ESCOLA EDUCAÇÃO BÁSICA TENENTE ALMACHIO;142;3265;4.34915773;0.1640329;TAPERA;13;1333;AVENIDA SANTOS DUMONT, N. E025;-27.68222932;-48.56776807
2022;Deputado Federal;COLÉGIO ADVENTISTA DE FLORIANÓPOLIS - UNIDADE ESTREITO;140;2071;6.76001931;0.16172258;ESTREITO;12;2178;RUA DOM DANIEL HOSTIM, 129;-27.5869632;-48.597302
2022;Deputado Federal;ESCOLA BÁSICA BEATRIZ DE SOUZA BRITO;140;2053;6.81928885;0.16172258;PANTANAL;13;1759;RUA DEPUTADO ANTÔNIO EDU VIEIRA, N. 600;-27.6104853;-48.52287593
2022;Deputado Federal;COLÉGIO DO CAMPECHE;139;2672;5.20209581;0.16056742;CAMPECHE;13;1864;RODOVIA SC 405, 4501;-27.7012217;-48.5097811
2022;Deputado Federal;ESCOLA DE EDUCAÇÃO BASICA PROFESSOR HENRIQUE STODIECK;136;1253;10.85395052;0.15710193;CENTRO;12;1716;RUA ESTEVES JUNIOR, N. 65;-27.593655;-48.5526083
2022;Deputado Federal;ESCOLA BASICA MARIA TOMAZIA COELHO;135;2429;5.55784273;0.15594677;ARANHAS/SANTINHO;100;1643;RUA VEREADOR ONILDO LEMOS, 1409;-27.45528237;-48.3806984
2022;Deputado Federal;ESCOLA BÁSICA LUIZ CÂNDIDO DA LUZ -  PONTA DO MORRO;134;2426;5.52349547;0.15479161;VARGEM DO BOM JESUS;100;1279;RODOVIA SC 403 KM 3, S/N;-27.4487887;-48.43418039
2022;Deputado Federal;ASSOCIAÇÃO DOS ECONOMIÁRIOS FEDERAIS DE SC;133;1147;11.59546643;0.15363645;JURERÊ;100;1287;RUA ALAMEDA CÉSAR NASCIMENTO, 700;-27.43881818;-48.49103652
2022;Deputado Federal;CENTRO DE DESPORTOS - UFSC;121;1917;6.31194575;0.13977451;PANTANAL;13;1716;CIDADE UNIVERSITARIA;-27.6055827;-48.518635
2022;Deputado Federal;ESCOLA BASICA MUNICIPAL DILMA LUCIA DOS SANTOS;120;3419;3.50979819;0.13861935;ARMAÇÃO DO PÂNTANO DO SUL;13;1392;RODOVIA SC 406, 6050;-27.75330916;-48.51033099
2022;Deputado Federal;ESCOLA BÁSICA MUNICIPAL OSVALDO MACHADO;120;2745;4.3715847;0.13861935;PONTA DAS CANAS;100;1341;RUA LUIZ BOITEUX PIAZZA, 6542;-27.39506544;-48.42939324
2022;Deputado Federal;SALÃO PAROQUIAL DA IGREJA SÃO LUIZ;115;932;12.33905579;0.13284354;AGRONÔMICA;12;1813;RUA PADRE SCHRADER, N. 49;-27.5769466;-48.5424406
2022;Deputado Federal;ESCOLA BASICA MUNICIPAL ALBERTINA MADALENA DIAS;114;1438;7.92767733;0.13168838;VARGEM GRANDE;100;1260;RUA CRISTOVAO MACHADO DE CAMPOS, N. 1537;-27.46458096;-48.449068
2022;Deputado Federal;COLÉGIO ADVENTISTA DE FLORIANÓPOLIS - UNIDADE CENTRO;114;1191;9.57178841;0.13168838;CENTRO;12;1775;RUA VISCONDE DE OURO PRETO N 347;-27.5937351;-48.5475406
2022;Deputado Federal;N.E.I. - NUCLEO DE EDUCAÇÃO INFANTIL GENTIL MATHIAS DA SILVA;113;2409;4.69074305;0.13053322;INGLESES;100;1376;RUA DOM JOAO BECKER, 988;-27.44004621;-48.38701257
2022;Deputado Federal;CONSELHO COMUNITÁRIO DO SACO DOS LIMÕES;109;1472;7.4048913;0.12591258;SACO DOS LIMÕES;13;1589;RUA JOÃO MOTTA ESPEZIM, N. 783;-27.60861312;-48.53227364
2022;Deputado Federal;ANEXO DA ESCOLA DE ENSINO BÁSICO INTENDENTE JOSÉ FERNANDES;107;2017;5.30490828;0.12360225;SÍTIO CAPIVARI DE BAIXO;100;1686;SERVIDÃO MANOEL LAUREANO DOS SANTOS, 1144;-27.44789624;-48.39761719
2022;Deputado Federal;CENTRO PÚBLICO DE CONVIVÊNCIA DA COSTEIRA DO PIRAJUBAÉ;99;1939;5.1057246;0.11436096;Não classificado;13;1317;RUA CAMINHO DOS ESTUDANTES, S/N;;
2022;Deputado Federal;ESCOLA DE ENSINO BÁSICO DE MUQUEM;97;2459;3.94469296;0.11205064;MUQUEM RIO VERMELHO;100;1503;RUA MANOEL PETRONILHO DA SILVEIRA, 1;-27.46964795;-48.41631705
2022;Deputado Federal;CRECHE HASSIS;97;2402;4.03830142;0.11205064;COSTEIRA DO PIRAJUBAÉ;13;1309;AVENIDA JORGE LACERDA, N. 1472;-27.6453917;-48.5225567
2022;Deputado Federal;ESCOLA BASICA MUNICIPAL MANCIO COSTA - ESCOLA DO FUTUROI;97;1805;5.37396122;0.11205064;RATONES;100;1244;ESTRADA JOÃO JANUÁRIO DA SILVA S/N;-27.50989282;-48.4894334
2022;Deputado Federal;ESCOLA BÁSICA MUNICIPAL DONICIA MARIA DA COSTA;96;1259;7.62509929;0.11089548;SACO GRANDE II;100;1473;RODOVIA VIRGILIO VARZEA, S/N;-27.54877299;-48.49669456
2022;Deputado Federal;O. ASSIST. SOCIAL DOM ORIONE (PARÓQUIA SÃO JOÃO BATISTA E SANTA LUZIA);95;794;11.96473552;0.10974032;CAPOEIRAS;12;2224;RUA DIB CHEREM, N. 2698;-27.5987317;-48.5964291
2022;Deputado Federal;ESCOLA BÁSICA JURERÊ (ANTIGA ESCOLA PRAIA DE FORA);91;1192;7.63422819;0.10511967;JURERÊ TRADICIONAL;100;1309;RUA JURERE TRADICIONAL, 230;-27.44223854;-48.48373278
2022;Deputado Federal;COLÉGIO ESTADUAL DOM JAIME DE BARROS CÂMARA;90;1708;5.26932084;0.10396451;RIBEIRÃO DA ILHA;13;1341;RODOVIA BALDICERO FILOMENO, N. 7821;-27.72166852;-48.56387165
2022;Deputado Federal;ASSOCIAÇÃO LOTEAMENTO JOÃO GONZAGA COSTA;90;584;15.4109589;0.10396451;SACO GRANDE II;100;1457;RUA DA APICULTURA, 139;-27.5357107;-48.5039414
2022;Deputado Federal;ESCOLA DE EDUCAÇÃO BÁSICA AMÉRICA DUTRA MACHADO;88;2603;3.38071456;0.10165419;MONTE CRISTO;12;2135;RUA JOAQUIM NABUCO N. 2875;-27.5907413;-48.6028089
2022;Deputado Federal;SECRETARIA DE ESTADO DA SEGURANÇA PÚBLICA - CENTRO ADMINISTRATIVO;83;1112;7.46402878;0.09587838;CAPOEIRAS;12;2232;AVENIDA GOVERNADOR IVO SILVEIRA N 1521;-27.6002168;-48.5814354
2022;Deputado Federal;COLÉGIO ESTADUAL JUREMA CAVALAZZI;82;1834;4.47110142;0.09472322;JOSÉ MENDES;13;1287;RUA PROFESSOR ANIBAL NUNES PIRES, S/N;-27.61253111;-48.54547966
2022;Deputado Federal;CENTRO DE CIÊNCIAS AGRÁRIA DA UNIVERSIDADE FEDERAL DE SANTA CATRINA;81;924;8.76623377;0.09356806;ITACORUBI;100;1848;RODOVIA ADMAR GONZAGA, 1346;-27.5828729;-48.5048719
2022;Deputado Federal;ESCOLA BÁSICA MUNICIPAL TAPERA - ESCOLA DO FUTURO;80;2207;3.62483009;0.0924129;TAPERA;13;1597;RODOVIA AÇORIANA, S/N;-27.69090308;-48.55569301
2022;Deputado Federal;CONSELHO COMUNITÁRIO DA COLONINHA;80;1267;6.31412786;0.0924129;COLONINHA;12;2194;RUA JOÃO EVANGELISTA DA COSTA, N 455;-27.5887782;-48.5905368
2022;Deputado Federal;FUNASA - FUNDAÇÃO NACIONAL DE SAÚDE;80;917;8.72410033;0.0924129;ESTREITO;12;2127;AVENIDA MARINHEIRO MAX SCHRAMM,  N. 2179;-27.5818034;-48.5861139
2022;Deputado Federal;ESCOLA BÁSICA MUNICIPAL ADOTIVA LIBERATO VALENTIM;74;1539;4.80831709;0.08548193;COSTEIRA DO PIRAJUBAÉ;13;1899;AVENIDA JORGE LACERDA, N. 1559;-27.6322678;-48.5235231
2022;Deputado Federal;UFSC - CENTRO DE FILOSOFIA E CIENCIAS HUMANAS - CFH;72;1755;4.1025641;0.08317161;TRINDADE;13;1813;CAMPUS UNIVERSITARIO, S/N;-27.60243905;-48.52325262
2022;Deputado Federal;E.E.M. JACÓ ANDERLE;70;1460;4.79452055;0.08086129;VARGEM GRANDE;100;1708;RUA FRANCISCO FAUSTO MARTINS, S/N;-27.451773;-48.45441054
2022;Deputado Federal;ESCOLA DINAMICA;70;1075;6.51162791;0.08086129;VARGEM GRANDE;100;1597;RUA CRISTOVAO MACHADO DE CAMPOS, 1001;-27.46044382;-48.44882039
2022;Deputado Federal;CRECHE MARIA TEREZINHA SARDÁ DA LUZ (ANTIGO N.E.I. PRAIA DO FORTE);69;658;10.48632219;0.07970613;JURERÊ INTERNACIONAL;100;1295;RUA JOSE CARDOSO OLIVEIRA, 3547;-27.43323583;-48.51556473
2022;Deputado Federal;N.E.I. - NÚCLEO DE EDUCAÇÃO INFANTIL MARIA SALOMÉ DOS SANTOS;64;1279;5.0039093;0.07393032;SAMBAQUI;100;1228;RUA PROFESSOR EUCLIDES DA CUNHA, S/N;-27.49263482;-48.52403071
2022;Deputado Federal;CRECHE WALDEMAR DA SILVA FILHO;63;656;9.60365854;0.07277516;TRINDADE;13;1724;AVENIDA  MADRE BENVENUTA, 521;-27.59173263;-48.51621131
2022;Deputado Federal;FAESC - FEDERAÇÃO DE AGRICULTURA E PECUÁRIA DE SANTA CATARINA;62;743;8.34454913;0.07162;AGRONÔMICA;12;1163;RUA DELMINDA SILVEIRA, N.200;-27.57465;-48.53296
2022;Deputado Federal;COLÉGIO IDENTIDADE;61;963;6.33437175;0.07046484;CAMPECHE;13;1902;AV. PEQUENO PRÍNCIPE, 525;-27.6742162;-48.5021582
2022;Deputado Federal;NÚCLEO DE EDUCAÇÃO INFANTIL MUNICIPAL IRMÃO CELSO;60;585;10.25641026;0.06930968;AGRONÔMICA;12;1821;RUA RUI BARBOSA, N. 677 F;-27.5742117;-48.5370167
2022;Deputado Federal;ASSOCIACAO DOS MORADORES DO PORTO DA LAGOA;58;907;6.39470783;0.06699935;PORTO DA LAGOA;13;1660;RUA LAURINDO JANUARIO DA SILVEIRA, 5500;-27.63269214;-48.47254034
2022;Deputado Federal;INSTITUTO FEDERAL DE SANTA CATARINA - CAMPUS FLORIANOPOLIS CONTINENTE;57;619;9.20840065;0.06584419;COQUEIROS;12;2038;RUA QUATORZE DE JULHO N 150;-27.5997081;-48.5721929
2022;Deputado Federal;SESC - SERVICO SOCIAL DO COMERCIO;55;612;8.9869281;0.06353387;CACUPÉ;100;1201;RODOVIA HAROLDO SOARES GLAVAN, 1670;-27.54275579;-48.52332361
2022;Deputado Federal;ANEXO II DA ESCOLA INTENDENTE JOSÉ FERNANDES;47;900;5.22222222;0.05429258;INGLESES;100;1830;RUA INTENDENTE JUÃO NUNES VIEIRA, 636;;
2022;Deputado Federal;ESCOLA DE ENSINO FUNDAMENTAL SEVERO HONORATO DA COSTA;45;1154;3.89948007;0.05198226;PÂNTANO DO SUL;13;1384;RUA OTACILIO ABELARDO GOMES, 115;-27.78080741;-48.507643
2022;Deputado Federal;ESCOLA DE ENSINO BASICO JANUARIA TEIXEIRA DA ROCHA;45;914;4.92341357;0.05198226;CAMPECHE;13;1554;RUA DA CAPELA, N. 1234;-27.67599796;-48.48374762
2022;Deputado Federal;CRECHE NEIM VICENTINA MARIA DA COSTA LAURINDO;39;568;6.86619718;0.04505129;VARGEM PEQUENA;100;1538;RODOVIA JOSÉ CARLOS DAUX, 16019 (SC 401 KM 15);-27.46754703;-48.46680653
2022;Deputado Federal;ESCOLA BÁSICA MARCOLINO JOSE DE LIMA;39;571;6.83012259;0.04505129;BARRA DO SAMBAQUI;100;1589;RODOVIA  ISID DUTRA, 1200;-27.48479799;-48.51931027
2022;Deputado Federal;ESCOLA DESDOBRADA RETIRO DA LAGOA;39;553;7.05244123;0.04505129;RETIRO DA LAGOA;13;1678;RUA PREFEITO ACACIO GARIBALDI SAO THIAGO, 210;-27.61065;-48.44202166
2022;Deputado Federal;NÚCLEO DE EDUCAÇÃO INFANTIL MUNICIPAL JOÃO MACHADO DA SILVA;35;636;5.50314465;0.04043064;AGRONÔMICA;12;1155;TRAVESSA JOSÉ PEDRO GIL, N. 195;-27.5803045;-48.540206
2022;Deputado Federal;CONSELHO COMUNITÁRIO PONTAL DO JURERÊ;31;599;5.17529215;0.03581;DANIELA;100;1660;AVENIDA DAS PALMEIRAS, N. 566;-27.44775115;-48.52803298
2022;Deputado Federal;IGREJA SÃO BRAS - SALÃO PAROQUIAL (MITRA METROPOLITANA);31;594;5.21885522;0.03581;VARGEM PEQUENA;100;1252;RUA MANOEL LEONCIO DE SOUZA BRITO, 549;-27.46972142;-48.46119351
2022;Deputado Federal;NÚCLEO DE EDUCAÇÃO INFANTIL MUNICIPAL SÉRGIO GRANDO;30;498;6.02409639;0.03465484;CENTRO;12;1139;RUA CRUZ E SOUZA N 308;-27.5843362;-48.5409124
2022;Deputado Federal;ESCOLA DESDOBRADA MUNICIPAL JOAO FRANCISCO GARCES;30;512;5.859375;0.03465484;CANTO DA LAGOA;13;1627;RUA LAURINDO JANUARIO DA SILVEIRA, 2447;-27.61577034;-48.48457089
2022;Deputado Federal;ESCOLA MARCELINO BARCELOS DUTRA;30;492;6.09756098;0.03465484;COSTEIRA DO RIBEIRÃO;13;1368;RODOVIA BALDICERO FILOMENO, 11264;-27.75199332;-48.56075116
2022;Deputado Federal;NEI - NÚCLEO DE EDUCAÇÃO INFANTIL - CAIEIRA DA BARRA DO SUL;27;514;5.25291829;0.03118935;CAIEIRA DA BARRA DO SUL;13;1376;RODOVIA BALDICERO FILOMENO, N. 19795;-27.81159632;-48.5589638
2022;Deputado Federal;ESCOLA BÁSICA MUNICIPAL COSTA DE DENTRO;26;615;4.22764228;0.03003419;COSTA DE DENTRO;13;1406;ESTRADA JOÃO BELARMINO DA SILVA, N. 2550;-27.78501836;-48.53080614
2022;Deputado Federal;NÚCLEO DE EDUCAÇÃO INFANTIL MUNICIPAL CELSO RAMOS;18;740;2.43243243;0.0207929;PRAINHA;12;1732;RUA PROFESSOR ALDO CÂMARA DA SILVA, N. 120;-27.6037933;-48.5471831
2022;Deputado Federal;ESCOLA DE ENSINO FUNDAMENTAL BALDICERO FILOMENO;14;516;2.71317829;0.01617226;TAPERA - PEDREGAL;13;1414;RUA PEDRO MANOEL DA SILVEIRA, N. 230,;-27.69358516;-48.54791343
2022;Deputado Federal;NEI CANTO DA LAGOA;13;252;5.15873016;0.0150171;CANTO DA LAGOA;13;1686;RUA LAURINDO JANUÁRIO DA SILVEIRA, N. 2493;-27.61599263;-48.48445455
2022;Deputado Federal;CENTRO EDUCACIONAL MARISTA LÚCIA MAYVORNE;12;704;1.70454545;0.01386194;MORRO DA CAIXA;12;1740;RUA GENERAL VIEIRA DA ROSA,  N. 1050;-27.5914249;-48.5367895
2022;Deputado Federal;ESCOLA DESDOBRADA COSTA DA LAGOA;9;494;1.82186235;0.01039645;COSTA DA LAGOA;13;1643;ESTRADA GERAL COSTA DA LAGOA S/N;-27.5429443;-48.4603488
2022;Deputado Federal;NÚCLEO DE EDUCAÇÃO INFANTIL MUNICIPAL MARIA BARREIROS;9;119;7.56302521;0.01039645;COLONINHA;12;2364;RUA JOÃO EVANGELISTA DA COSTA 455;-27.5888027;-48.5911124
2022;Deputado Federal;INSTITUTO FEDERAL DE SANTA CATARINA CAMPUS FLORIANÓPOLIS CONTINENTE;8;108;7.40740741;0.00924129;COQUEIROS;12;2429;RUA QUATORZE DE JULHO, N 150;-27.5994957;-48.572171
2022;Deputado Federal;NÚCLEO DE EDUCAÇÃO INFANTIL MUNICIPAL CELSO RAMOS;7;79;8.86075949;0.00808613;PRAINHA;12;2380;RUA PROFESSOR ALDO CÂMARA DA SILVA, 120;-27.6043112;-48.5468982
2022;Deputado Federal;PENITENCIÁRIA DE FLORIANÓPOLIS;0;28;0.0;0.0;AGRONÔMICA;12;2399;RUA DELMINDA DA SILVEIRA, 960;-27.5778969;-48.5268333
2022;Deputado Federal;PRESÍDIO FEMININO DE FLORIANÓPOLIS;0;24;0.0;0.0;TRINDADE;13;1910;RUA LAURO LINHARES, S/N;;
2026;Deputado Estadual;COLÉGIO CATARINENSE;815;6779;12.02242219;2.0209785;CENTRO;12;1708;RUA ESTEVES JÚNIOR, N. 711;-27.5889046;-48.553396
2026;Deputado Estadual;CEMJ - CENTRO EDUCACIONAL MENINO JESUS;593;5034;11.7798967;1.47047884;CENTRO;12;1015;RUA ESTEVES JÚNIOR, N. 969;-27.5883123;-48.5534109
2026;Deputado Estadual;COLÉGIO SALVATORIANO NOSSA SENHORA DE FÁTIMA;408;5563;7.33417221;1.01172911;ESTREITO;12;2089;RUA AFONSO PENA, N. 1264;-27.5921991;-48.5880281
2026;Deputado Estadual;EBM BRIGADEIRO EDUARDO GOMES;344;5835;5.89545844;0.85302651;CAMPECHE;13;1546;AVENIDA PEQUENO PRÍNCIPE, N. 2.939;-27.68655392;-48.48518251
2026;Deputado Estadual;ESCOLA DE EDUCAÇÃO BÁSICA ADERBAL RAMOS DA SILVA;339;4556;7.44073749;0.84062787;ESTREITO;12;2046;RUA CORONEL PEDRO DEMORO, N. 1998;-27.5819089;-48.5822874
2026;Deputado Estadual;EEB ILDEFONSO LINHARES;332;4490;7.39420935;0.82326977;CARIANOS;13;1325;RUA VEREADOR OSVALDO BITTENCOURT, N. 206;-27.66564124;-48.53723665
2026;Deputado Estadual;ESCOLA BÁSICA MUNICIPAL PROFESSORA HERONDINA MEDEIROS ZEFERINO;293;6322;4.6346093;0.72656037;INGLESES;100;1732;RUA TRÊS MARIAS, 1072;-27.43561281;-48.40987824
2026;Deputado Estadual;EIC - EDUCANDÁRIO IMACULADA CONCEIÇÃO;282;2777;10.15484336;0.69928336;CENTRO;12;1767;RUA SAO FRANCISCO, N.148;-27.5930273;-48.5540724
2026;Deputado Estadual;ESCOLA DE EDUCAÇÃO BÁSICA PADRE ANCHIETA;277;4302;6.43886564;0.68688472;AGRONÔMICA;12;1147;RUA RUI BARBOSA, N. 525;-27.5748713;-48.5373959
2026;Deputado Estadual;COLÉGIO BOM JESUS CORAÇÃO DE JESUS;264;2803;9.4184802;0.65464825;CENTRO;12;1805;RUA EMIR ROSA, N. 120;-27.5942817;-48.5471017
2026;Deputado Estadual;EEB GETÚLIO VARGAS;260;5519;4.71099837;0.64472934;SACO DOS LIMÕES;13;1295;RUA JOÃO MOTTA ESPEZIM, N. 499;-27.60755423;-48.53533329
2026;Deputado Estadual;EEB SIMÃO JOSÉ HESS;258;4217;6.11809343;0.63976988;TRINDADE;13;1791;AVENIDA MADRE BENVENUTA, N. 463;-27.59171294;-48.51687969
2026;Deputado Estadual;ESCOLA DE ENSINO BASICO LEONOR DE BARROS;245;3632;6.74559471;0.60753341;ITACORUBI;100;1481;RUA PASTOR WILLIAM RICHARD SCHISLER FILHO, 80;-27.57582223;-48.50844724
2026;Deputado Estadual;ESCOLA DE EDUCAÇÃO BÁSICA ROSA TORRES DE MIRANDA;244;3856;6.32780083;0.60505369;JARDIM ATLÂNTICO;12;2151;RUA MELVIN JONES, N. 389;-27.5790281;-48.5973528
2026;Deputado Estadual;UDESC - ESCOLA SUPERIOR DE ADMINISTRAÇÃO E GERÊNCIA - ESAG;243;3037;8.00131709;0.60257396;ITACORUBI;100;1740;AVENIDA MADRE BENVENUTA, 2037;-27.58592615;-48.50258812
2026;Deputado Estadual;ESCOLA DE EDUCAÇÃO BÁSICA EDITH GAMA RAMOS;238;3272;7.27383863;0.59017532;CAPOEIRAS;12;2160;RUA DIB CHEREM, N. 2773;-27.5991731;-48.5967904
2026;Deputado Estadual;IFSC CENTRO - INSTITUTO FEDERAL DE SANTA CATARINA;237;4064;5.83169291;0.58769559;CENTRO;12;1058;AVENIDA MAURO RAMOS, N. 950;-27.5941821;-48.5432351
2026;Deputado Estadual;EEB VEREADOR OSCAR MANOEL CONCEIÇÃO;237;4687;5.05653936;0.58769559;RIO TAVARES;13;1570;RODOVIA SC 405, S/N;-27.66579945;-48.50307134
2026;Deputado Estadual;ESCOLA DE EDUCAÇÃO BÁSICA IRINEU BORNHAUSEN;231;3241;7.12742981;0.57281722;ESTREITO;12;2119;RUA VEREADOR BATISTA PEREIRA, N. 306;-27.5827983;-48.5866221
2026;Deputado Estadual;UDESC - CENTRO DE ARTES - CEART;231;3256;7.09459459;0.57281722;ITACORUBI;100;1155;AVENIDA MADRE BENVENUTA, 2007;-27.58616617;-48.50387642
2026;Deputado Estadual;COLÉGIO SANTA CATARINA;230;2194;10.48313582;0.57033749;CENTRO;12;1023;RUA FREI EVARISTO, N.  91;-27.589045;-48.5442443
2026;Deputado Estadual;CENTRO CULTURAL SILVEIRA DE SOUZA;228;2250;10.13333333;0.56537803;CENTRO;12;1031;RUA LUIZ DELFINO, N 177 (FUNDOS);-27.5877848;-48.5463907
2026;Deputado Estadual;ESCOLA DE EDUCAÇÃO BÁSICA PRESIDENTE ROOSEVELT;224;3431;6.52870883;0.55545912;COQUEIROS;12;2143;RUA PASCHOAL SIMONE, N. 80;-27.6102223;-48.5800544
2026;Deputado Estadual;COLÉGIO ANTÔNIO PEIXOTO;223;2562;8.70413739;0.55297939;ESTREITO;12;2186;RUA VEREADOR BATISTA PEREIRA, N. 656;-27.579583;-48.5851468
2026;Deputado Estadual;ESCOLA BASICA MUNICIPAL OSMAR CUNHA;221;4805;4.59937565;0.54801994;CANASVIEIRAS;100;1317;RUA TERTULIANO DE BRITO XAVIER, 661;-27.43626375;-48.46446019
2026;Deputado Estadual;ESCOLA BASICA JOSÉ DO VALLE PEREIRA;218;3380;6.44970414;0.54058075;JOÃO PAULO;100;1180;RODOVIA JOAO PAULO, 1268;-27.5621223;-48.51582114
2026;Deputado Estadual;IEE - INSTITUTO ESTADUAL DE EDUCAÇÃO;214;3889;5.50269992;0.53066184;CENTRO;12;1783;RUA ANITA GARIBALDI, S/N;-27.59824799;-48.5453594
2026;Deputado Estadual;ESCOLA DE EDUCAÇÃO BÁSICA ROSINHA CAMPOS;214;3416;6.264637;0.53066184;ABRAÃO;12;2097;RUA JOAQUIM FERNANDES DE OLIVEIRA, N. 428;-27.6059362;-48.5909529
2026;Deputado Estadual;EBM JOÃO GONÇALVES PINHEIRO;203;4442;4.57001351;0.50338483;RIO TAVARES;13;1562;RUA SÍLVIO LOPES ARAÚJO, N. 290;-27.65048977;-48.47768121
2026;Deputado Estadual;ESCOLA DE ENSINO BÁSICO INTENDENTE JOSE FERNANDES;202;4431;4.55879034;0.5009051;SITIO CAPIVARI/INGLESES;100;1368;RUA JOAO GUALBERTO SOARES, 324;-27.44262767;-48.40275303
2026;Deputado Estadual;UDESC - CENTRO DE CIÊNCIAS HUMANAS - FAED;200;2987;6.69568129;0.49594564;ITACORUBI;100;1910;AVENIDA MADRE BENVENUTA, 2007;-27.5863204;-48.5045928
2026;Deputado Estadual;CEFID / UDESC - CENTRO DE CIÊNCIAS DA SAÚDE E DO ESPORTE;196;2761;7.09887722;0.48602673;COQUEIROS;12;2054;RUA PASCHOAL SIMONE, N. 358;-27.609348;-48.5805776
2026;Deputado Estadual;ESCOLA BÁSICA MUNICIPAL ALMIRANTE CARVALHAL;196;3216;6.09452736;0.48602673;COQUEIROS;12;2100;RUA BENTO GOIA, N. 113;-27.6071356;-48.577472
2026;Deputado Estadual;COLÉGIO SANTA TEREZINHA;190;3392;5.60141509;0.47114836;INGLESES;100;1562;SERVIDAO SAFIRA, N. 148;-27.43620059;-48.39798407
2026;Deputado Estadual;COLÉGIO DO CAMPECHE;186;3576;5.20134228;0.46122945;CAMPECHE;13;1864;RODOVIA SC 405, 4.501;-27.7012217;-48.5097811
2026;Deputado Estadual;FUCAS - FUNDAÇÃO CATARINENSE DE ASSISTÊNCIA SOCIAL;182;2305;7.89587852;0.45131054;CAPOEIRAS;12;2461;AVENIDA GOVERNADOR IVO SILVEIRA, N 1015;-27.5978403;-48.5759965
2026;Deputado Estadual;ESCOLA DE EDUCAÇÃO BÁSICA JOSÉ BOITEUX;182;2868;6.34588563;0.45131054;ESTREITO;12;2062;RUA MARECHAL CÂMARA, N. 182;-27.590369;-48.5793242
2026;Deputado Estadual;ACOJAR;182;1893;9.61436873;0.45131054;SANTA MÔNICA;100;1090;RUA NERY CARDOSO BITTENCOURT, N. 61;-27.5917299;-48.5089075
2026;Deputado Estadual;EBM ACÁCIO GARIBALDI SÃO TIAGO;181;3835;4.71968709;0.44883081;BARRA DA LAGOA;13;1619;RUA ALTAMIRO BARCELOS DUTRA, N. 1.195;-27.57578954;-48.42971636
2026;Deputado Estadual;JURERÊ SPORTS CENTER;181;2176;8.31801471;0.44883081;JURERÊ INTERNACIONAL;100;1465;AVENIDA DOS DOURADOS, 481;-27.44349893;-48.5067282
2026;Deputado Estadual;EEB HILDA TEODORO VIEIRA;179;2878;6.21959694;0.44387135;TRINDADE;13;1732;RUA LAURO LINHARES,  N. 560;-27.58433447;-48.52513368
2026;Deputado Estadual;EBM BATISTA PEREIRA;173;3500;4.94285714;0.42899298;RIBEIRÃO DA ILHA;13;1350;RODOVIA BALDICERO FILOMENO, N. 3.000;-27.70250472;-48.53649535
2026;Deputado Estadual;ESCOLA ESTADUAL BÁSICA PROFESSORA LAURA LIMA;167;3683;4.534347;0.41411461;MONTE VERDE;100;1163;RUA DO LOURO, 143;-27.5596885;-48.4937266
2026;Deputado Estadual;ESCOLA BÁSICA MUNICIPAL PAULO FONTES;166;2426;6.84253916;0.41163488;SANTO ANTÔNIO DE LISBOA;100;1210;RUA PROFESSOR OSNI BARBATO, 168;-27.50748223;-48.51774671
2026;Deputado Estadual;EBM DILMA LÚCIA DOS SANTOS;165;3568;4.62443946;0.40915516;ARMAÇÃO DO PÂNTANO DO SUL;13;1392;RODOVIA FRANCISCO THOMAS DOS SANTOS, N. 6.050;-27.75330916;-48.51033099
2026;Deputado Estadual;COLÉGIO DA LAGOA;163;3239;5.03241741;0.4041957;LAGOA DA CONCEIÇÃO;13;1635;RUA HYPPÓLITO DO VALE PEREIRA, N. 121;-27.60386267;-48.47557995
2026;Deputado Estadual;ANEXO DA ESCOLA DE ENSINO BÁSICO INTENDENTE JOSÉ FERNANDES;158;3839;4.11565512;0.39179706;INGLESES;100;1686;ESTRADA DÁRIO MANOEL CARDOSO, N1144;-27.447908;-48.3975335
2026;Deputado Estadual;ESCOLA DE EDUCAÇÃO BÁSICA PROFESSOR ANÍBAL NUNES PIRES;156;2234;6.98299015;0.3868376;CAPOEIRAS;12;2070;RUA IRMÃ BONAVITA, N. 240;-27.59772;-48.5977151
2026;Deputado Estadual;ESCOLA BÁSICA MUNICIPAL INTENDENTE ARICOMEDES DA SILVA;155;4060;3.81773399;0.38435787;CACHOEIRA DO BOM JESUS;100;1325;RODOVIA LEONEL PEREIRA, 930;-27.4254977;-48.42585599
2026;Deputado Estadual;UFSC - CENTRO TECNOLÓGICO - CTC;153;2881;5.31065602;0.37939842;TRINDADE;13;1775;CAMPUS UNIVERSITÁRIO;-27.60020259;-48.51777093
2026;Deputado Estadual;ESCOLA BASICA MUNICIPAL MARIA CONCEICAO NUNES;153;3995;3.82978723;0.37939842;RIO VERMELHO;100;1384;RUA LUIZ DUARTE, S/N;-27.49090659;-48.41752882
2026;Deputado Estadual;ESCOLA DA ILHA;152;1982;7.66902119;0.37691869;CORREGO GRANDE;13;1805;RUA VERA LINHARES DE ANDRADE, N. 1.910;-27.59982083;-48.49880034
2026;Deputado Estadual;EBM JOSÉ AMARO CORDEIRO;148;2932;5.04774898;0.36699978;MORRO DAS PEDRAS;13;1422;RODOVIA FRANCISCO THOMAS DE SOUZA, N. 1.691;-27.71675019;-48.50746865
2026;Deputado Estadual;COLÉGIO GERAÇÃO - UNIDADE BEIRAMAR;147;2599;5.65602155;0.36452005;AGRONÔMICA;12;1686;RUA SÃO JOÃO BATISTA, N. 60;-27.5747823;-48.5290097
2026;Deputado Estadual;ESCOLA BÁSICA MUNICIPAL VIRGÍLIO REIS VÁRZEA;145;3079;4.70932121;0.35956059;CANASVIEIRAS;100;1724;RUA MANOEL MANCELLOS MOURA, 100;-27.43286414;-48.45626445
2026;Deputado Estadual;PARÓQUIA IGREJA NOSSA SENHORA DO CARMO;141;1855;7.60107817;0.34964168;COQUEIROS;12;2216;RUA PROFESSOR BAYER FILHO, N. 81;-27.6088958;-48.5791014
2026;Deputado Estadual;CENTRO EDUCACIONAL UNIVERSO;137;2615;5.23900574;0.33972277;INGLESES;100;1600;SERVIDÃO PROFESSOR NILSON JOSÉ DE JESUS, 91 (SC 403, KM 06);-27.43833718;-48.40220695
2026;Deputado Estadual;EEB TENENTE ALMACHIO;136;3240;4.19753086;0.33724304;TAPERA;13;1333;AVENIDA SANTOS DUMONT, N. 25;-27.68222932;-48.56776807
2026;Deputado Estadual;NEIM HASSIS;135;2627;5.13894176;0.33476331;COSTEIRA DO PIRAJUBAÉ;13;1309;AVENIDA JORGE LACERDA, 1.472;-27.6453917;-48.5225567
2026;Deputado Estadual;EBM JOÃO ALFREDO HOHR;135;2441;5.53052028;0.33476331;CORREGO GRANDE;13;1740;RUA JOÃO PIO DUARTE SILVA, N. 1.123;-27.60067118;-48.50531476
2026;Deputado Estadual;EBM HENRIQUE VERAS;131;2985;4.38860972;0.3248444;LAGOA DA CONCEIÇÃO;13;1651;RUA JOÃO PACHECO DA COSTA, N. 249;-27.60015787;-48.47094485
2026;Deputado Estadual;UFSC - CENTRO SOCIOECONÔMICO - CSE;127;2852;4.45301543;0.31492548;TRINDADE;13;1783;CAMPUS UNIVERSITÁRIO;-27.59900381;-48.52160566
2026;Deputado Estadual;ESCOLA DE EDUCAÇÃO BÁSICA JORNALISTA JAIRO CALLADO;124;1621;7.64959901;0.3074863;ESTREITO;12;2208;RUA ANTONIETA DE BARROS, N. 581;-27.588901;-48.5843718
2026;Deputado Estadual;N.E.I. - NUCLEO DE EDUCAÇÃO INFANTIL GENTIL MATHIAS DA SILVA;124;2812;4.40967283;0.3074863;INGLESES;100;1376;RUA DOM JOAO BECKER, 988;-27.44004621;-48.38701257
2026;Deputado Estadual;EBM BEATRIZ DE SOUZA BRITO;120;2300;5.2173913;0.29756739;PANTANAL;13;1759;SERVIDÃO CRESCÊNCIO MARIANO, S/N;-27.6104853;-48.52287593
2026;Deputado Estadual;ESCOLA BÁSICA MUNICIPAL OSVALDO MACHADO - ESCOLA DO FUTURO;119;3045;3.90804598;0.29508766;PONTA DAS CANAS;100;1341;AVENDIDA LUIZ BOITEUX PIAZZA, 5908;-27.39506544;-48.42939324
2026;Deputado Estadual;ESCOLA BÁSICA LUIZ CÂNDIDO DA LUZ -  PONTA DO MORRO;113;2642;4.27706283;0.28020929;VARGEM DO BOM JESUS;100;1279;RODOVIA SC 403 KM 3, S/N;-27.4487887;-48.43418039
2026;Deputado Estadual;ASSOCIAÇÃO DOS ECONOMIÁRIOS FEDERAIS DE SC;113;1628;6.94103194;0.28020929;JURERÊ;100;1287;RUA ALAMEDA CÉSAR NASCIMENTO, 700;-27.43881818;-48.49103652
2026;Deputado Estadual;ESCOLA DE EDUCAÇÃO BASICA PROFESSOR HENRIQUE STODIECK;111;1433;7.74598744;0.27524983;CENTRO;12;1716;RUA ESTEVES JUNIOR, N. 65;-27.593655;-48.5526083
2026;Deputado Estadual;ESCOLA BASICA MUNICIPAL MANCIO COSTA - ESCOLA DO FUTURO;111;2026;5.47877591;0.27524983;RATONES;100;1244;ESTRADA JOÃO JANUÁRIO DA SILVA S/N;-27.50989282;-48.4894334
2026;Deputado Estadual;UFSC - COLÉGIO DE APLICAÇÃO;107;2857;3.74518726;0.26533092;CARVOEIRA;13;1821;CAMPUS UNIVERSITARIO;-27.60051854;-48.52435819
2026;Deputado Estadual;ESCOLA DE ENSINO BÁSICO DE MUQUEM;103;3298;3.12310491;0.25541201;RIO VERMELHO;100;1503;RUA MANOEL PETRONILHO DA SILVEIRA, 1;-27.46964795;-48.41631705
2026;Deputado Estadual;EEB JUREMA CAVALAZZI;99;1949;5.07952796;0.24549309;JOSÉ MENDES;13;1287;RUA PROFESSOR ANIBAL NUNES PIRES, S/N;-27.61253111;-48.54547966
2026;Deputado Estadual;E.B.M. ANTÔNIO PASCHOAL APÓSTOLO;99;2289;4.32503277;0.24549309;RIO VERMELHO;100;1678;RODOVIA JOÃO GUALBERTO SOARES, 6809;-27.49351969;-48.41998681
2026;Deputado Estadual;CONSELHO COMUNITÁRIO DO SACO DOS LIMÕES;97;1325;7.32075472;0.24053364;SACO DOS LIMÕES;13;1589;RUA JOÃO MOTTA ESPEZIM, N. 783;-27.60861312;-48.53227364
2026;Deputado Estadual;NEIM ORLANDINA CORDEIRO;96;1774;5.41149944;0.23805391;SACO GRANDE;100;1627;RODOVIA VIRGILIO VARZEA, 380, FONE (48) 3238 0305;-27.5557652;-48.4983714
2026;Deputado Estadual;PARÓQUIA NOSSA SENHORA DE LOURDES E SÃO LUIZ;94;907;10.36383682;0.23309445;AGRONÔMICA;12;1813;RUA PADRE SCHRADER, N. 49;-27.5769466;-48.5424406
2026;Deputado Estadual;ESCOLA BASICA MARIA TOMAZIA COELHO;93;2616;3.55504587;0.23061472;ARANHAS/SANTINHO;100;1643;RUA VEREADOR ONILDO LEMOS, 1409;-27.45528237;-48.3806984
2026;Deputado Estadual;EEB JÚLIO DA COSTA NEVES;90;2008;4.48207171;0.22317554;COSTEIRA DO PIRAJUBAÉ;13;1317;RUA CAMINHO DOS ESTUDANTES, S/N;-27.64451369;-48.52398285
2026;Deputado Estadual;EEB JANUÁRIA TEIXEIRA DA ROCHA;90;1261;7.1371927;0.22317554;CAMPECHE;13;1554;RUA DA CAPELA, N. 1.234;-27.67599796;-48.48374762
2026;Deputado Estadual;SENAI - CTAI;85;1666;5.10204082;0.2107769;SACO GRANDE II;100;1171;RODOVIA SC 401, 3730;-27.5478266;-48.4975455
2026;Deputado Estadual;CENTRO DE CIÊNCIAS AGRÁRIA DA UNIVERSIDADE FEDERAL DE SANTA CATARINA;85;1814;4.68577729;0.2107769;ITACORUBI;100;1848;RODOVIA ADMAR GONZAGA, 1346;-27.5828729;-48.5048719
2026;Deputado Estadual;COLÉGIO ADVENTISTA DE FLORIANÓPOLIS - UNIDADE CENTRO;84;1103;7.61559383;0.20829717;CENTRO;12;1775;RUA VISCONDE DE OURO PRETO N. 347;-27.5937351;-48.5475406
2026;Deputado Estadual;Local 2178;84;1848;4.54545455;0.20829717;Não classificado;12;2178;;;
2026;Deputado Estadual;EEB DOM JAIME DE BARROS CÂMARA;81;1836;4.41176471;0.20085799;RIBEIRÃO DA ILHA;13;1341;RODOVIA BALDICERO FILOMENO, N. 7.821;-27.72166852;-48.56387165
2026;Deputado Estadual;EEB TAPERA - ESCOLA DO FUTURO;81;2657;3.048551;0.20085799;TAPERA;13;1597;RODOVIA AÇORIANA, S/N;-27.69090308;-48.55569301
2026;Deputado Estadual;ESCOLA BASICA MUNICIPAL ALBERTINA MADALENA DIAS;80;1405;5.69395018;0.19837826;VARGEM GRANDE;100;1260;RUA CRISTOVAO MACHADO DE CAMPOS, N. 1537;-27.4645083;-48.4490765
2026;Deputado Estadual;IFSC CONTINENTE - INSTITUTO FEDERAL DE SANTA CATARINA;78;1498;5.20694259;0.1934188;COQUEIROS;12;2038;RUA QUATORZE DE JULHO, N. 150;-27.5997081;-48.5721929
2026;Deputado Estadual;EBM ADOTIVA LIBERATO VALENTIM;77;1557;4.94540784;0.19093907;COSTEIRA DO PIRAJUBAÉ;13;1899;AVENIDA JORGE LACERDA, N. 1.559;-27.6322678;-48.5235231
2026;Deputado Estadual;E.E.M. JACÓ ANDERLE;74;1996;3.70741483;0.18349989;VARGEM GRANDE;100;1708;RUA FRANCISCO FAUSTO MARTINS, S/N;-27.451773;-48.45441054
2026;Deputado Estadual;ESCOLA BÁSICA MUNICIPAL DONICIA MARIA DA COSTA;72;1241;5.80177276;0.17854043;SACO GRANDE II;100;1473;RODOVIA VIRGILIO VARZEA, S/N;-27.54877299;-48.49669456
2026;Deputado Estadual;UFSC - CENTRO DE DESPORTOS - CDS;68;1735;3.91930836;0.16862152;PANTANAL;13;1716;CAMPUS UNIVERSITÁRIO;-27.6055827;-48.518635
2026;Deputado Estadual;NEIM BARREIRA DO JANGA;66;831;7.94223827;0.16366206;SACO GRANDE;100;1872;RODOVIA VIRGILIO VARZEA, 2507;-27.5393298;-48.5025219
2026;Deputado Estadual;UFSC - CENTRO DE FILOSOFIA E CIÊNCIAS HUMANAS - CFH;64;2107;3.03749407;0.15870261;TRINDADE;13;1813;CAMPUS UNIVERSITÁRIO;-27.60243905;-48.52325262
2026;Deputado Estadual;Local 2127;63;763;8.25688073;0.15622288;Não classificado;12;2127;;;
2026;Deputado Estadual;NÚCLEO DE EDUCAÇÃO INFANTIL MUNICIPAL NAGIB JABOR;63;998;6.31262525;0.15622288;ESTREITO;12;2348;RUA PROFESSOR CLEMENTINO DE BARROS, N. 570;-27.5981773;-48.5786017
2026;Deputado Estadual;ESCOLA BÁSICA MUNICIPAL PROFESSORA IRACEMA BRITO ANDRADE;63;1244;5.06430868;0.15622288;JURERÊ TRADICIONAL;100;1309;RUA JURERE TRADICIONAL, 230;-27.44223854;-48.48373278
2026;Deputado Estadual;ESCOLA  BÁSICA MUNICIPAL DARCY RIBEIRO;62;1766;3.51075878;0.15374315;RIO VERMELHO;100;1929;RUA LUIZ DUARTE SOARES, S/N;-27.490995;-48.413705
2026;Deputado Estadual;COLÉGIO IDENTIDADE;58;1365;4.24908425;0.14382424;CAMPECHE;13;1902;AV. PEQUENO PRÍNCIPE, 525;-27.6742162;-48.5021582
2026;Deputado Estadual;Local 2224;57;756;7.53968254;0.14134451;Não classificado;12;2224;;;
2026;Deputado Estadual;NEIM IDALINA OCHÔA;57;863;6.60486674;0.14134451;CARIANOS;13;2038;RUA VEREADOR OSVALDO BITTENCOURT, 102;-27.6661648;-48.5365919
2026;Deputado Estadual;N.E.I. - NÚCLEO DE EDUCAÇÃO INFANTIL MARIA SALOMÉ DOS SANTOS;55;1368;4.02046784;0.13638505;SAMBAQUI;100;1228;RUA PROFESSOR EUCLIDES DA CUNHA, S/N;-27.49263482;-48.52403071
2026;Deputado Estadual;ESCOLA DINAMICA;54;1123;4.80854853;0.13390532;VARGEM GRANDE;100;1597;RUA CRISTOVAO MACHADO DE CAMPOS, 1001;-27.4602396;-48.449735
2026;Deputado Estadual;ESCOLA DE EDUCAÇÃO BÁSICA AMÉRICA DUTRA MACHADO;53;2570;2.06225681;0.1314256;MONTE CRISTO;12;2135;RUA JOAQUIM NABUCO N. 2875;-27.5907413;-48.6028089
2026;Deputado Estadual;EEB SEVERO HONORATO DA COSTA;53;1269;4.17651694;0.1314256;PÂNTANO DO SUL;13;1384;RUA OTACÍLIO ABELARDO GOMES, N. 115;-27.78080741;-48.507643
2026;Deputado Estadual;CRECHE MARIA TEREZINHA SARDÁ DA LUZ (ANTIGO N.E.I. PRAIA DO FORTE);52;918;5.66448802;0.12894587;JURERÊ INTERNACIONAL;100;1295;RUA JOSE CARDOSO OLIVEIRA, 3547;-27.43323583;-48.51556473
2026;Deputado Estadual;NÚCLEO DE EDUCAÇÃO INFANTIL MUNICIPAL MARIA BARREIROS;47;1205;3.90041494;0.11654723;COLONINHA;12;2364;RUA JOÃO EVANGELISTA DA COSTA, N. 455;-27.5888027;-48.5911124
2026;Deputado Estadual;NEIM WALDEMAR DA SILVA FILHO;46;781;5.88988476;0.1140675;TRINDADE;13;1724;AVENIDA  MADRE BENVENUTA, N. 521;-27.59173263;-48.51621131
2026;Deputado Estadual;FAESC - FEDERAÇÃO DE AGRICULTURA E PECUÁRIA DE SANTA CATARINA;45;749;6.00801068;0.11158777;AGRONÔMICA;12;1163;RUA DELMINDA SILVEIRA, N.200;-27.57465;-48.53296
2026;Deputado Estadual;SALÃO PAROQUIAL DA DANIELA;41;619;6.62358643;0.10166886;DANIELA;100;1899;RUA PITANGUEIRAS, 786;-27.4487614;-48.5300177
2026;Deputado Estadual;NÚCLEO DE EDUCAÇÃO INFANTIL MUNICIPAL JOÃO MACHADO DA SILVA;39;754;5.17241379;0.0967094;AGRONÔMICA;12;1155;TRAVESSA JOSÉ PEDRO GIL, N. 195;-27.5803045;-48.540206
2026;Deputado Estadual;ASSOCIACAO DOS MORADORES DO PORTO DA LAGOA - AMPOLA;38;1035;3.67149758;0.09422967;PORTO DA LAGOA;13;1660;RUA LAURINDO JANUÁRIO DA SILVEIRA, N. 5.500;-27.63269214;-48.47254034
2026;Deputado Estadual;NEIM MARCELINO BARCELOS DUTRA;37;563;6.57193606;0.09174994;COSTEIRA DO RIBEIRÃO;13;1368;RODOVIA BALDICERO FILOMENO, N. 11.263;-27.75199332;-48.56075116
2026;Deputado Estadual;NÚCLEO DE EDUCAÇÃO INFANTIL MUNICIPAL SÉRGIO GRANDO;34;488;6.96721311;0.08431076;CENTRO;12;1139;RUA CRUZ E SOUZA N. 308;-27.5843362;-48.5409124
2026;Deputado Estadual;SESC - SERVICO SOCIAL DO COMERCIO;33;579;5.69948187;0.08183103;CACUPÉ;100;1201;RODOVIA HAROLDO SOARES GLAVAN, 1670;-27.54275579;-48.52332361
2026;Deputado Estadual;PARÓQUIA SÃO JOÃO BATISTA E SANTA LUZIA;32;550;5.81818182;0.0793513;CAPOEIRAS;12;2453;RUA ISAURA COMICHOLE PÍRES, N. 102;-27.5983331;-48.5968665
2026;Deputado Estadual;NEIM FERMINIO FRANSCISCO VIEIRA;32;1024;3.125;0.0793513;CORREGO GRANDE;13;1970;RUA SEBASTIÃO DA SILVA, 250;-27.6027771;-48.5042072
2026;Deputado Estadual;COLÉGIO SALVATORIANO PADRE JORDAN;30;590;5.08474576;0.07439185;JARDIM ATLÂNTICO;12;2445;RUA CORONEL CAETANO COSTA, N 501;-27.5880329;-48.5928461
2026;Deputado Estadual;CRECHE NEIM VICENTINA MARIA DA COSTA LAURINDO;30;655;4.58015267;0.07439185;VARGEM PEQUENA;100;1538;RODOVIA JOSÉ CARLOS DAUX, 16019 (SC 401 KM 15);-27.46754703;-48.46680653
2026;Deputado Estadual;EEB PORTO DO RIO TAVARES;28;587;4.77001704;0.06943239;RIO TAVARES;13;1996;RODOVIA SC - 405, 356;-27.6642223;-48.5024322
2026;Deputado Estadual;EBM JOÃO FRANCISCO GARCES;27;546;4.94505495;0.06695266;CANTO DA LAGOA;13;1627;RUA LAURINDO JANUÁRIO DA SILVEIRA, N. 2.447;-27.61577034;-48.48457089
2026;Deputado Estadual;ESCOLA BÁSICA MARCOLINO JOSE DE LIMA;27;588;4.59183673;0.06695266;BARRA DO SAMBAQUI;100;1589;RODOVIA  ISID DUTRA, 1200;-27.4848974;-48.5192777
2026;Deputado Estadual;EBM COSTA DE DENTRO;22;595;3.69747899;0.05455402;COSTA DE DENTRO;13;1406;ESTRADA JOÃO BELARMINO DA SILVA, N. 2.550;-27.78501836;-48.53080614
2026;Deputado Estadual;EBM RETIRO DA LAGOA;22;574;3.83275261;0.05455402;RETIRO DA LAGOA;13;1678;RUA PREFEITO ACÁCIO GARIBALDI SÃO THIAGO, N. 210;-27.61065;-48.44202166
2026;Deputado Estadual;Local 1252;22;610;3.60655738;0.05455402;Não classificado;100;1252;;;
2026;Deputado Estadual;NÚCLEO DE EDUCAÇÃO INFANTIL MUNICIPAL CELSO RAMOS;21;748;2.80748663;0.05207429;PRAINHA;12;1732;RUA PROFESSOR ALDO CÂMARA DA SILVA, N. 120;-27.6037933;-48.5471831
2026;Deputado Estadual;UFSC - CENTRO DE CIÊNCIAS JURÍDICAS - CCJ;20;1086;1.84162063;0.04959456;TRINDADE;13;1767;CAMPUS UNIVERSITÁRIO;-27.59889656;-48.52184412
2026;Deputado Estadual;NÚCLEO DE EDUCAÇÃO INFANTIL MUNICIPAL OTÍLIA CRUZ;19;242;7.85123967;0.04711484;COLONINHA;12;2356;RUA PROFESSORA OTÍLIA CRUZ N. 482;-27.5831191;-48.5902647
2026;Deputado Estadual;NEIM ANIRSON ANTÔNIO DAS CHAGAS;19;672;2.82738095;0.04711484;RIO TAVARES;13;2003;RODOVIA DR. ANTÔNIO LUIZ MOURA GONZAGA, 2.023;-27.6493607;-48.4780551
2026;Deputado Estadual;NEIM CAMPECHE;18;556;3.23741007;0.04463511;CAMPECHE;13;2011;SERVIDÃO DIONÍSIO RAFHAEL IGNÁCIO, 287;-27.6860972;-48.4848458
2026;Deputado Estadual;NEIM CAIEIRA DA BARRA DO SUL;17;510;3.33333333;0.04215538;CAIEIRA DA BARRA DO SUL;13;1376;RODOVIA BALDICERO FILOMENO, N. 19.795;-27.81159632;-48.5589638
2026;Deputado Estadual;EEB BALDICERO FILOMENO;16;533;3.00187617;0.03967565;TAPERA - PEDREGAL;13;1414;SERVIDÃO PEDRO MANOEL DA SILVEIRA, N. 230;-27.69358516;-48.54791343
2026;Deputado Estadual;CENTRO EDUCACIONAL MARISTA LÚCIA MAYVORNE;15;762;1.96850394;0.03719592;MORRO DA CAIXA;12;1740;RUA GENERAL VIEIRA DA ROSA,  N. 1050;-27.5914249;-48.5367895
2026;Deputado Estadual;NEIM JUDITE FERNANDES DE LIMA;13;239;5.43933054;0.03223647;JOÃO PAULO;100;1864;RODOVIA JOÃO PAULO, 1268;-27.5618083;-48.51288
2026;Deputado Estadual;ESCOLA DE EDUCAÇÃO BÁSICA PERO VAZ DE CAMINHA;10;249;4.01606426;0.02479728;CAPOEIRAS;12;2500;RUA IRMÃ BONAVITA, N. 954;-27.59158;-48.5961683
2026;Deputado Estadual;IFSC CONTINENTE- INSTITUTO FEDERAL DE SANTA CATARINA;8;152;5.26315789;0.01983783;COQUEIROS;12;2429;RUA QUATORZE DE JULHO, N 150;-27.5994957;-48.572171
2026;Deputado Estadual;NEIM ALTINO DEALTINO CABRAL;8;127;6.2992126;0.01983783;SANTO ANTÔNIO DE LISBOA;100;1880;RUA PADRE LOURENÇO RODRIGUES DE ANDRADE, 120;-27.5027675;-48.5155943
2026;Deputado Estadual;NEIM CANTO DA LAGOA;7;233;3.00429185;0.0173581;CANTO DA LAGOA;13;1686;RUA LAURINDO JANUÁRIO DA SILVEIRA, N. 2.493;-27.61599263;-48.48445455
2026;Deputado Estadual;NEIM ORISVALDINA SILVA;7;205;3.41463415;0.0173581;LAGOA DA CONCEIÇÃO;13;2046;SERVIDÃO RUTH BASTOS DE OLIVEIRA, 75;-27.5995354;-48.4704505
2026;Deputado Estadual;NEIM VILA UNIÃO;5;105;4.76190476;0.01239864;VARGEM DO BOM JESUS;100;1856;ESTRADA ANAROLINA SILVEIRA SANTOS, S/N (RUA RAMOS, 5 QUADRA E);-27.4403429;-48.4245249
2026;Deputado Estadual;Local 1902;4;124;3.22580645;0.00991891;Não classificado;100;1902;;;
2026;Deputado Estadual;Local 2470;3;155;1.93548387;0.00743918;Não classificado;12;2470;;;
2026;Deputado Estadual;EBM COSTA DA LAGOA;3;499;0.6012024;0.00743918;COSTA DA LAGOA;13;1643;ESTRADA GERAL COSTA DA LAGOA, S/N;-27.5429443;-48.4603488
2026;Deputado Estadual;EBM JOSÉ JACINTO CARDOSO;2;99;2.02020202;0.00495946;SERRINHA;13;1961;RUA MARCUS AURÉLIO HOMEM, 132;-27.5965645;-48.5266073
2026;Deputado Estadual;NEIM MONSENHOR FREDERICO HOBOLD;2;49;4.08163265;0.00495946;COSTEIRA DO PIRAJUBAÉ;13;2020;SERVIDÃO JOSÉ KUMAKOLA, 100;-27.6342876;-48.5223454
